id,firstName,lastName,phone,address,trackingNumber,received
1,Test,Emrys,5555555,asdasddas,asdasdasd,2023-05-07
2,Test4,Emrys,5555555,asdasddas,asdasdasd,2023-05-07
2003,Lela,Burstow,(592) 7447367,69718 Arkansas Point,19823498845,2022-12-04
2004,Stacy,Youel,(405) 4862679,48 Sutherland Way,85965619941,2022-07-20
2005,Etienne,Gramer,(608) 3095251,3 Londonderry Junction,52649670373,2022-08-09
2006,Benton,Liverock,(323) 7706924,063 Bluestem Place,25166171736,2022-06-09
2007,Enrika,Mackilpatrick,(700) 9764662,1 Hanover Point,02437468374,2023-04-07
2008,Charlean,McCarrell,(289) 8875674,4305 David Avenue,80629722983,2022-06-28
2009,Katalin,Brinkworth,(621) 5818618,4 Kedzie Alley,98228631661,2022-08-21
2010,Redd,Grellier,(316) 9162956,5359 Milwaukee Pass,76536362644,2022-05-22
2011,Lynn,Edgeley,(158) 8024425,590 Pierstorff Trail,22517831190,2022-09-20
2012,Cammie,Silber,(106) 6857716,5 Thompson Trail,55689957716,2023-01-27
2013,Tish,Brockway,(210) 9150290,468 Londonderry Way,70571756337,2022-08-22
2014,Emlen,Etchingham,(437) 8874767,3 Swallow Way,01859918231,2022-12-24
2015,Ardenia,Brugmann,(889) 9241347,5748 Lyons Court,97509364192,2022-10-12
2016,Welsh,Kettlewell,(276) 7399474,8 Texas Junction,39874383494,2022-07-23
2017,Angelle,Lown,(580) 6077862,6 Elmside Pass,40843363434,2022-10-09
2018,Velma,Hoodspeth,(882) 4105094,21 Dapin Drive,88174216641,2023-04-14
2019,Christopher,Casebourne,(751) 7226208,57 Truax Way,44893941530,2022-09-04
2020,Kevan,Zarfai,(699) 6020992,256 Green Ridge Plaza,75829041708,2023-04-07
2021,Pammie,Kettlewell,(317) 5255541,54 Pennsylvania Pass,57178472303,2022-08-11
2022,Reggy,Dunstan,(926) 8126775,189 Sugar Court,93095972928,2022-08-05
2023,Rhona,Hiner,(831) 5481589,1632 Shoshone Place,32918725254,2022-06-02
2024,Blancha,Beri,(832) 1454549,64564 Rieder Circle,36654809721,2022-11-08
2025,Nolana,Badcock,(187) 7883984,17941 Sachs Parkway,91772312714,2022-08-09
2026,Ines,Calveley,(863) 1274773,1 Merchant Road,35873707714,2022-05-16
2027,Wald,Suero,(200) 2565910,72409 Onsgard Circle,89490748076,2023-01-19
2028,Gail,McNee,(856) 9602342,29 Thackeray Street,49676641738,2023-03-04
2029,Raine,Jiroutek,(371) 8468895,1792 Birchwood Crossing,08268596751,2022-06-16
2030,Estel,Skep,(881) 9100876,2099 Lakewood Gardens Point,76862216024,2022-07-29
2031,Jenica,Cluitt,(235) 1936847,40172 Maywood Pass,63617418222,2022-09-24
2032,Rhiamon,Ellick,(324) 9970236,234 Gateway Terrace,99302287592,2022-07-17
2033,Sibella,Arbuckel,(980) 3101253,35 Eastwood Hill,41568835710,2022-07-25
2034,Cesar,Verity,(414) 2213974,65515 Mayfield Circle,96741207877,2022-12-01
2035,Jeffie,Moulster,(801) 9252964,4 Vidon Plaza,30448286775,2022-07-15
2036,Cody,Iwanowski,(326) 1349466,2 Stuart Street,72127807126,2022-06-10
2037,Dexter,Barnett,(299) 3804421,831 Northwestern Terrace,53142041455,2023-04-28
2038,Davie,Lovejoy,(154) 6045560,4 Novick Point,81246891868,2022-11-21
2039,Winifred,Stiger,(358) 8887649,8429 Atwood Pass,78863588510,2022-06-27
2040,Beltran,Hukin,(293) 6193457,04 Mayer Drive,35066864871,2022-05-28
2041,Martynne,Maeer,(405) 4678177,27 Scott Pass,72943096709,2022-07-23
2042,Adan,Bowcher,(932) 7993460,545 Fairview Junction,79229736718,2022-09-18
2043,Olimpia,Risson,(676) 8211032,9 Evergreen Junction,47612551416,2022-10-08
2044,Taryn,Hawkridge,(182) 6617779,1 Washington Court,43647516754,2022-08-07
2045,Vivyan,Stanex,(309) 3551171,1 Southridge Alley,54411237475,2023-04-15
2046,Ninnetta,Hanby,(616) 3678862,56 Sundown Hill,09421427242,2023-04-21
2047,Elwood,Stallworthy,(311) 4771236,968 Northport Center,26382684840,2022-06-13
2048,Chancey,Welbourn,(291) 9851490,076 Surrey Street,91018854182,2022-11-10
2049,Essa,Dutchburn,(328) 7375896,4 Eastlawn Park,06062057078,2023-04-19
2050,Elianora,Grattage,(806) 5340373,15685 Evergreen Junction,06693060761,2022-06-30
2051,Mathian,Parradine,(284) 5593954,30188 Johnson Junction,87018099753,2022-11-06
2052,Noelyn,Phelit,(788) 1879609,2 Oriole Way,82790573715,2023-04-30
2053,Sigismond,Ewin,(988) 1989861,0 Lindbergh Road,11079721085,2023-01-23
2054,Davida,McDuff,(728) 2834445,92 Meadow Ridge Road,36412443419,2022-08-17
2055,Keriann,Geaves,(103) 5111966,0271 Anzinger Crossing,30062736189,2023-05-02
2056,Petronella,Canter,(366) 9586399,31 Roth Court,93657156439,2023-03-14
2057,Ikey,Crate,(423) 8916323,3 Bartelt Point,33959149464,2023-04-15
2058,Dorelia,Dwyr,(137) 5638594,849 Aberg Trail,08618729804,2023-03-21
2059,Artemas,Olech,(758) 1200710,5 Amoth Alley,52125200920,2022-06-11
2060,Victoria,Burgett,(875) 6037596,9 2nd Junction,43785118104,2023-02-11
2061,Ede,Pietz,(423) 6933700,5 Dapin Circle,30540915500,2022-07-25
2062,Hetty,Jewer,(582) 4872485,60532 Stone Corner Crossing,20444361600,2022-06-07
2063,Delila,Lavington,(824) 5544274,1223 Russell Alley,78728283700,2022-05-22
2064,Nappie,Coils,(627) 3174297,47691 Emmet Alley,75617341622,2022-11-13
2065,Norby,Darter,(254) 2676426,48 Vernon Pass,33857419805,2023-01-06
2066,Gloriana,Jesty,(290) 6636296,219 Heath Avenue,02153069046,2022-12-18
2067,Whitby,Cromie,(817) 5142707,18912 Gale Parkway,50295190358,2022-10-30
2068,Giraud,Dewhurst,(385) 1272914,1 Susan Point,76788356742,2022-11-01
2069,Morry,Chaloner,(110) 5447848,3 Melby Park,38774278991,2023-03-28
2070,Nils,Bendixen,(513) 6388670,450 Heffernan Center,85769913589,2023-02-27
2071,Petronella,Wolfarth,(408) 9194039,9 Stoughton Point,05851370160,2022-07-22
2072,Arnold,Argyle,(850) 2448897,47985 Meadow Valley Center,81177002202,2022-09-28
2073,Kiri,Toman,(763) 5390658,64628 Brickson Park Drive,33252959156,2022-12-26
2074,Saba,Braiden,(976) 4213960,67058 Blue Bill Park Way,47108733003,2022-12-18
2075,Emogene,Strooband,(380) 7344779,7600 Weeping Birch Court,39960339063,2022-10-02
2076,Dorrie,Pigden,(501) 6830615,35215 Mariners Cove Junction,68640566774,2023-03-18
2077,Myriam,Koba,(620) 7459886,84016 Southridge Place,09710580266,2023-03-04
2078,Thorsten,Greenan,(979) 6792496,1 Acker Place,73536919800,2022-09-28
2079,Therine,Strafford,(631) 8708392,7 Maple Parkway,29715856528,2022-06-28
2080,Tab,Pregel,(553) 8306904,769 Scoville Circle,35489926028,2022-10-24
2081,Kaitlin,Charrisson,(616) 8410395,7 Sutherland Lane,95600094576,2022-09-30
2082,Karrie,"O'Lehane",(102) 5018729,2798 Shasta Pass,90728600571,2022-10-07
2083,Rik,Thorndale,(260) 3124836,7 American Terrace,17088224395,2023-04-21
2084,Solomon,Verling,(375) 4291664,016 Morningstar Trail,49791845799,2023-02-07
2085,Perkin,Duthie,(493) 1679494,98 Fairfield Point,24836751547,2022-07-21
2086,Karney,Schimaschke,(984) 1764524,28422 Upham Point,60979534963,2022-07-05
2087,Jefferey,Newborn,(468) 6678448,331 Holmberg Circle,92402023091,2022-12-15
2088,Chandler,Farlambe,(356) 3970200,07196 Milwaukee Crossing,62856823319,2022-11-11
2089,Hubie,Blemings,(830) 3632663,90021 Maple Wood Crossing,45689696640,2023-03-21
2090,Joan,Hendrick,(288) 6456810,2335 Monument Parkway,45536994935,2022-12-03
2091,Lammond,Jelphs,(482) 3245041,2319 Waywood Drive,25769523189,2022-11-21
2092,Dillie,Humerstone,(545) 5331000,9 Waxwing Plaza,92267876056,2022-10-17
2093,Yvonne,Sainsbury-Brown,(575) 2323388,1 Brickson Park Parkway,98523505563,2022-08-19
2094,Gustavus,Fones,(172) 8981993,1889 Acker Place,25169321815,2023-02-15
2095,Pammi,Dooler,(119) 5017168,92 Dryden Hill,73316000494,2022-08-05
2096,Grantley,Shapera,(832) 5433579,7308 Montana Trail,12225250772,2023-02-23
2097,Stan,Claringbold,(519) 2469636,23 Hauk Park,47965623756,2023-01-21
2098,Ibrahim,Swires,(158) 1031420,566 Dryden Park,30473365008,2023-04-27
2099,Bailie,Wivell,(137) 1011060,212 Alpine Crossing,41495856691,2022-10-09
2100,Jens,"O'Lehane",(476) 2004382,529 Tony Place,23827383576,2022-11-04
2101,Jobey,Maylin,(157) 5610246,05453 Texas Way,06159215261,2022-08-02
2102,Ara,Abramino,(401) 5850074,116 Donald Parkway,00438758472,2023-04-08
2103,Allard,Denholm,(169) 4242935,22 Bashford Plaza,73591313877,2023-04-14
2104,Birch,Pickering,(280) 8208073,44 Roth Avenue,02077400873,2023-04-02
2105,Johnna,Noseworthy,(606) 3562289,8 Parkside Point,64797214222,2022-12-28
2106,Alfonso,Canet,(636) 5015489,36 New Castle Point,12219985844,2022-12-20
2107,Sallie,Gustus,(686) 1336064,7 Oneill Junction,98162310324,2022-09-23
2108,Denni,Bennitt,(992) 2602693,466 Melrose Road,80144317663,2023-04-19
2109,Carlynn,Josefsohn,(872) 9981921,07 Brentwood Center,73820656668,2022-07-26
2110,Corissa,Leaming,(320) 7209404,71201 Dahle Court,06616003446,2023-01-22
2111,Camala,Coite,(342) 8525131,8582 Harper Park,41512830756,2023-04-13
2112,Euphemia,Gerssam,(216) 8385867,821 Vermont Circle,00187157686,2022-07-17
2113,Keith,Drescher,(391) 1155204,4170 Paget Street,61552660766,2022-10-17
2114,Hatti,Cleaton,(357) 8344665,3577 Valley Edge Terrace,41178023597,2022-11-01
2115,Kaylil,Lycett,(275) 2509843,1213 Waxwing Drive,87903757937,2022-11-02
2116,Rose,Dolman,(361) 3136726,53 Mccormick Trail,87277322213,2022-08-23
2117,Jacquenette,Hanlin,(577) 8182125,223 Rigney Center,22535906359,2023-01-03
2118,Job,Shobrook,(779) 2404397,2 Loftsgordon Lane,01738100558,2022-05-11
2119,Baryram,Spire,(322) 8263132,920 Arizona Point,41827113542,2023-03-08
2120,Gina,Eginton,(257) 4538768,4 Sheridan Center,48229667190,2023-01-19
2121,Victor,Gullefant,(172) 6188454,90 Redwing Point,65385744851,2022-07-12
2122,Nolie,Redfield,(470) 9326447,554 Heffernan Place,26007449675,2022-08-24
2123,Blisse,Salterne,(640) 6271701,1 Clyde Gallagher Place,69889536732,2022-08-30
2124,Tripp,Rime,(560) 1624144,5950 Division Place,21680784486,2022-10-22
2125,Anthia,Reekie,(620) 1342262,4 Cherokee Pass,24249821090,2022-12-08
2126,Mel,Charman,(130) 5066812,3 Packers Trail,00611054956,2022-08-28
2127,Nigel,Penhalurick,(425) 4875025,4408 Lukken Point,53145927548,2022-08-15
2128,Meridith,Kentwell,(189) 5250058,48 Washington Alley,48439909136,2022-07-21
2129,Rosetta,Duffield,(261) 6282600,8439 Kingsford Avenue,71745285438,2022-09-29
2130,Rianon,Rosser,(887) 6283254,01149 Anniversary Center,97464766243,2023-04-28
2131,Rani,Lamberteschi,(153) 6637555,63613 East Crossing,29818385913,2022-12-25
2132,Sherlock,Polle,(955) 3413250,8 Welch Circle,32008791154,2022-08-21
2133,Alejoa,Troillet,(710) 2581646,5337 Mayer Circle,32137374405,2022-09-05
2134,Boy,Northage,(808) 6101446,75 Loeprich Lane,06915133941,2022-11-20
2135,Brig,Pollins,(123) 5464678,81893 Northview Lane,96357822798,2022-11-14
2136,Dewain,Coviello,(698) 5103856,08 Jenna Avenue,13865849840,2023-01-04
2137,Henrietta,Gentle,(396) 9645608,245 Darwin Hill,30877403329,2023-04-24
2138,Ethel,Crowcroft,(427) 5318866,8855 Shoshone Hill,31336925899,2022-12-07
2139,Stuart,McEvoy,(662) 8420617,4784 Randy Park,40276608131,2022-10-19
2140,Allys,Matas,(697) 9348502,9 Nobel Place,94568058983,2023-02-09
2141,Gracie,Libreros,(311) 6161172,6 Dexter Junction,09539199299,2022-09-08
2142,Dara,Jandourek,(415) 5423095,83 Sundown Drive,26478591264,2022-12-29
2143,Blinny,Suller,(703) 1242599,523 Macpherson Lane,32769355142,2022-08-10
2144,Broderic,Amsberger,(910) 7875873,904 Vermont Plaza,32375446380,2022-07-30
2145,Julia,Rawlinson,(768) 1711937,6219 Scoville Parkway,53986536558,2022-08-13
2146,Jase,Stainer,(517) 7177779,9 Lyons Hill,47136607553,2022-08-12
2147,Katinka,Kemston,(992) 1241070,3343 Erie Center,10872115035,2022-08-12
2148,Iorgo,Cobbled,(544) 4944828,0789 Independence Way,77810131608,2023-03-01
2149,Jock,Cammiemile,(881) 5238200,662 Canary Alley,93471622207,2022-07-09
2150,Kyle,Jahnel,(934) 9138260,8 Truax Way,92096687785,2023-03-14
2151,Evyn,Stonall,(641) 3636067,70 Claremont Plaza,68690992126,2022-08-05
2152,Bernita,"O'Sharry",(195) 1928853,97654 Fordem Hill,86699824539,2022-06-03
2153,Man,Coghlan,(160) 6950931,93520 Carberry Court,33756241835,2023-02-28
2154,Dunc,Dyett,(770) 3787421,062 Fallview Point,92602607606,2022-07-14
2155,Thorsten,Morgan,(218) 9361183,00746 Quincy Alley,79921600187,2023-02-07
2156,Gus,Wordley,(768) 9263667,84 Susan Road,87309654927,2023-04-03
2157,Lianne,Gumme,(561) 3201347,3 Merchant Plaza,24180045611,2022-06-07
2158,Bette-ann,Pabel,(246) 3277891,722 Old Gate Terrace,80468436888,2023-03-13
2159,Paulette,Halbord,(988) 8185948,086 Moose Center,79124475676,2022-07-15
2160,Jeannine,Mariyushkin,(718) 9929911,35 Talmadge Alley,62710614794,2022-12-17
2161,Gwen,Hutchcraft,(561) 3765940,1 Fieldstone Alley,79836066327,2023-03-20
2162,Darbee,Carrick,(207) 5439622,3177 Mandrake Park,74722747482,2022-06-24
2163,Crichton,Sibbson,(282) 4104431,4 Kropf Court,08423328540,2022-07-02
2164,Angelika,Ivins,(763) 1438040,47 Surrey Alley,43198471244,2022-09-22
2165,Carla,Harriot,(682) 4788413,72335 Rieder Center,06093553626,2022-10-25
2166,Deni,MacAllester,(203) 9681508,82 Anhalt Center,42667233655,2023-02-27
2167,Nester,Runacres,(911) 8039212,36 Waxwing Junction,79716486402,2023-03-07
2168,Araldo,Quarlis,(245) 9813575,35818 Lien Road,43013467521,2022-06-07
2169,Cloris,Grattage,(718) 2281457,385 Rutledge Lane,76676831434,2023-01-14
2170,Brigit,Henrot,(501) 1017777,4982 Anniversary Avenue,73494582124,2023-01-07
2171,Theressa,Speake,(642) 9444199,981 Susan Lane,74918251751,2022-11-13
2172,Angie,McElvine,(114) 2769650,44553 Ronald Regan Junction,67107410280,2022-11-12
2173,Kelley,Blenkinship,(710) 4392157,24876 Mcguire Avenue,50022290692,2022-05-13
2174,Zacharia,Berwick,(206) 9447348,679 Little Fleur Trail,86363239400,2022-07-06
2175,Alwin,Rahl,(606) 7227905,777 Dorton Drive,54099542893,2022-11-07
2176,Georgiana,Aizic,(705) 8174812,25 Old Shore Way,21229770350,2022-10-24
2177,Caryl,Sedgemond,(370) 8631087,357 Laurel Place,55204793322,2022-11-30
2178,Whit,Rodenburgh,(507) 9904231,8458 Sullivan Hill,08623438626,2022-08-26
2179,Libbey,Rankling,(143) 8922149,59 Elka Court,58180242562,2022-10-26
2180,Berthe,Phettiplace,(383) 6597008,8 Fieldstone Park,52761169593,2022-05-16
2181,Cecilla,Witson,(486) 9827899,5 David Crossing,52875523520,2022-05-26
2182,Willy,Mollatt,(901) 1480140,34343 Hudson Park,29579438310,2023-01-16
2183,Karin,Foord,(418) 6521458,6860 Loomis Park,62115019485,2023-01-12
2184,Dario,Cinderey,(714) 8080635,2424 Sage Terrace,23662672660,2022-10-17
2185,Ardath,Kilkenny,(571) 8970644,8 Eggendart Park,46092745513,2023-02-27
2186,Boony,Hardwicke,(406) 8013338,8 Independence Hill,86687610193,2022-07-28
2187,Alisa,Gudge,(110) 6060711,6 Del Sol Park,10751212595,2023-05-03
2188,Jody,Ancell,(934) 6524376,4 Summit Road,60361926150,2022-09-10
2189,Gwynne,MacClinton,(196) 6128858,52614 Farwell Avenue,45852894892,2022-10-01
2190,Hector,Whaplington,(514) 5861356,88 Maryland Court,25557425076,2022-07-27
2191,Skipton,Clutheram,(167) 2438704,5 Burrows Lane,63434424010,2022-08-31
2192,Moyna,Swires,(614) 5287715,51847 Pond Lane,12573357357,2022-09-27
2193,Decca,MacSkeaghan,(356) 3429447,8 Myrtle Alley,76026773973,2022-06-03
2194,Roseline,Pressey,(974) 6276658,6 Pearson Drive,50210920105,2022-09-07
2195,Tiler,"O'Reilly",(477) 8800552,7134 Kropf Parkway,96759977380,2022-09-07
2196,Myles,Trebbett,(466) 6862486,77 International Court,75799521586,2022-09-29
2197,Melitta,Duer,(822) 5928172,39 Mcguire Place,10851615975,2022-06-04
2198,Matthias,Giscken,(914) 7284001,7304 Brown Park,54813849181,2022-08-30
2199,Cam,Archbell,(731) 4468168,633 Delaware Lane,83481050727,2023-02-03
2200,Wrennie,Garforth,(449) 2074186,19777 Northport Drive,32618530781,2022-10-22
2201,Lowrance,Elms,(119) 4156924,29433 Quincy Terrace,96233250342,2023-01-13
2202,Feodora,"O'Shevlin",(570) 9560346,26364 Riverside Trail,45924167011,2022-12-28
2203,Eddi,Tassell,(622) 8126075,97 Grasskamp Circle,08373164264,2023-01-01
2204,Bailey,McIan,(424) 7191614,7053 Tennessee Plaza,98634165759,2023-04-06
2205,Karoly,Cowperthwaite,(973) 3124569,33927 Clove Center,15406819511,2022-07-13
2206,Aurilia,Alexandersen,(730) 9542781,17080 Northwestern Pass,34191823995,2022-06-01
2207,Barnie,Pleace,(882) 7593353,59009 Sachs Lane,34694120129,2022-08-16
2208,Tracey,Flatt,(408) 8823911,618 Merry Trail,11885934469,2022-09-23
2209,Gill,Olwen,(697) 9450329,21982 Cottonwood Alley,54217253557,2022-05-21
2210,Davine,Aveyard,(908) 9497546,33 Pierstorff Park,54387406572,2023-01-24
2211,Alanna,De Leek,(166) 4361668,83 Meadow Valley Crossing,13918630162,2022-07-25
2212,Bili,Gamil,(164) 6397914,3 Merrick Plaza,21227786643,2022-06-26
2213,Lynelle,Fredi,(329) 4354853,32704 Miller Way,14292243511,2023-04-03
2214,Meredeth,Lardeur,(725) 3535297,83 Mayfield Road,92834711243,2022-10-14
2215,Lulita,Lomb,(978) 1026666,70994 Warner Lane,99323910091,2022-08-21
2216,Janice,Trim,(812) 7705108,00576 Hermina Parkway,88028438650,2022-10-31
2217,Aeriell,Legen,(359) 6391580,4 Algoma Junction,86869420407,2023-01-01
2218,Joete,Marie,(307) 9671080,9 Jana Trail,34729647109,2022-07-28
2219,Doralyn,Fitchett,(680) 7638870,64517 Spenser Way,05829555523,2022-09-05
2220,Bruce,Arnfield,(231) 9383895,94 Transport Court,23276645004,2022-06-21
2221,Claudette,Skeel,(330) 9432896,48526 Oakridge Avenue,02545053979,2022-12-13
2222,Florencia,Mattheeuw,(361) 5201847,79350 Burning Wood Park,20334258056,2022-08-29
2223,Easter,Stock,(879) 5889812,05033 Bayside Road,09915678514,2023-01-29
2224,Keriann,Benardette,(196) 9091471,4931 Dexter Drive,57555127407,2023-01-08
2225,Cherilyn,Felgat,(238) 7046107,94713 Burning Wood Place,14801780333,2022-12-20
2226,Torey,Bockmann,(643) 3507642,3469 Vernon Alley,84811993607,2022-09-13
2227,Edyth,Gerrens,(407) 3814579,952 Ohio Terrace,12575140092,2023-03-03
2228,Upton,Seeking,(968) 6013048,922 Banding Center,81978985569,2022-06-24
2229,Petronia,Gorgen,(716) 9560623,84372 Reindahl Terrace,77489336574,2022-09-05
2230,Jolene,Wisby,(694) 7942644,34 Lerdahl Drive,52912798139,2022-05-28
2231,Emyle,Bradman,(858) 1020558,1 Mccormick Drive,64267406784,2022-05-31
2232,Dean,Cowans,(415) 4444115,7524 Derek Street,35130863434,2023-02-26
2233,Sandro,Flori,(626) 6448977,97 Jenna Place,61832481670,2022-07-13
2234,Allister,Moreland,(815) 1195079,87368 Pond Alley,71596816819,2022-05-20
2235,Nola,Brugsma,(513) 7541407,5180 Northfield Crossing,98996984728,2023-02-08
2236,Thomasa,Spinella,(296) 6829927,25482 Myrtle Plaza,42999127256,2022-05-09
2237,Courtnay,Vallack,(302) 6948298,6824 Bellgrove Court,69550765678,2023-05-03
2238,Tamra,Punt,(955) 4726700,39246 Cordelia Road,35287828610,2022-08-02
2239,Sanders,Varne,(154) 5230521,16 Miller Drive,15045016516,2022-11-28
2240,Jayme,McMullen,(821) 1142581,59 Briar Crest Road,33549958041,2022-08-07
2241,Karia,Braybrooke,(227) 6141297,36800 Caliangt Trail,81892487491,2022-05-21
2242,Ev,Perris,(989) 5727626,1612 John Wall Plaza,03819889321,2022-11-17
2243,Ida,Olliff,(501) 5733634,673 Barnett Place,56442061548,2022-11-21
2244,Isacco,Bannister,(784) 6598541,36095 Golf Course Crossing,82388375168,2023-02-01
2245,Iolanthe,Hopfer,(915) 7373425,8060 Superior Center,87205026009,2022-10-16
2246,Dina,Bensen,(534) 9897859,76158 Eastlawn Junction,83304259612,2022-12-06
2247,Sallie,Skermer,(457) 4614229,1734 Springview Pass,59160650095,2022-09-06
2248,Milzie,Holleworth,(289) 7497978,66 Oak Valley Place,14884126288,2022-06-15
2249,Amber,Dominique,(663) 3234481,993 Tony Pass,13372528158,2022-11-06
2250,Warner,Ravenscroftt,(618) 1600044,348 Spohn Crossing,97702658090,2022-09-10
2251,Lizzie,Sommers,(235) 2539943,1435 Shoshone Road,98406665443,2022-06-09
2252,Dallis,Teaser,(716) 9578361,4 Fallview Junction,92632493931,2022-12-21
2253,Hyacintha,Quarterman,(170) 4636562,7 Loeprich Lane,98891280413,2022-12-27
2254,Melany,Hebbes,(201) 1049012,11463 Superior Court,72460934439,2023-04-19
2255,Florentia,Lots,(555) 9802569,87846 Blaine Drive,30067704851,2022-06-11
2256,Arline,Mariotte,(829) 3785960,7120 Arrowood Avenue,74652652203,2022-07-03
2257,Dorie,Lowless,(663) 7568443,867 Pine View Avenue,81781240546,2023-03-05
2258,Darcy,Jouanet,(808) 1966534,390 North Crossing,52089273897,2022-08-19
2259,Charyl,Jorioz,(558) 1164309,5 Ohio Point,73567422099,2023-04-22
2260,Roman,Meddings,(344) 4688181,56051 Comanche Alley,57859612279,2022-12-01
2261,Codi,Van der Veldt,(660) 7984783,67412 Spaight Crossing,26648681025,2023-01-24
2262,Deidre,Bellhanger,(311) 9636367,8886 Fieldstone Street,31574810885,2022-11-17
2263,Jacqueline,Clooney,(201) 8650809,98587 Derek Trail,02072574917,2022-12-01
2264,Kiele,Freshwater,(676) 5116054,52897 Schlimgen Point,71733298075,2022-10-12
2265,Nolan,Cockerham,(156) 6208277,48068 Grasskamp Place,62500617463,2022-08-18
2266,Tammy,Prator,(385) 3337363,8 Hagan Drive,45328589358,2022-09-22
2267,Darrin,Bradbrook,(981) 4925639,69278 Golf Course Avenue,68653194225,2022-10-11
2268,Berk,Ziem,(347) 3960049,47 Lukken Junction,35819348522,2022-07-20
2269,Persis,Lack,(913) 2983262,38 Sutteridge Way,58927807912,2022-06-18
2270,Stavro,Adamovicz,(469) 3892327,449 Del Mar Street,92578347189,2022-12-02
2271,Shell,Colvine,(783) 7508720,802 Northfield Alley,13563715572,2023-02-20
2272,Shirlene,Fairhall,(919) 1224815,156 Spaight Hill,72813898019,2022-07-09
2273,Simonette,Lawrinson,(550) 7780305,3 Cody Lane,36902367167,2023-04-21
2274,Anderson,Hail,(507) 9762743,52949 New Castle Plaza,81917862917,2022-11-08
2275,Dante,Andrei,(315) 2878621,2 Division Hill,63444897827,2022-12-26
2276,Dario,Struther,(205) 9549696,45067 Carey Crossing,59929036834,2022-12-12
2277,Cammi,Kempson,(325) 8549939,17 Linden Avenue,55180795416,2022-11-02
2278,Tarra,Mott,(748) 4747724,4 Jenna Plaza,73454353987,2023-02-03
2279,Benoit,Matas,(977) 1976188,16 Bartelt Lane,18460458403,2022-05-31
2280,Kirbee,Coleby,(300) 1961179,36 Lakewood Gardens Point,34487287857,2023-01-16
2281,Concettina,Servante,(380) 8058171,0918 Sunbrook Court,32378877067,2023-03-09
2282,Jon,Jouanot,(120) 8616142,81210 Becker Pass,50196100963,2023-02-07
2283,Vittorio,Barwell,(464) 3283909,2156 Tony Terrace,91608067707,2023-04-10
2284,Aldwin,Bydaway,(766) 8547983,0452 Redwing Avenue,02714308508,2022-11-04
2285,Joellyn,Rochelle,(997) 2858879,891 Toban Way,11468956950,2022-12-12
2286,Freedman,Devany,(672) 6111132,5440 Annamark Hill,28913863362,2022-11-16
2287,Matthaeus,Sallenger,(852) 5191751,3894 Mcguire Parkway,39383076367,2023-01-16
2288,Wallis,Giovanitti,(737) 4295237,3663 Porter Circle,78567758613,2022-05-25
2289,Letta,Hince,(552) 7311281,57 Bonner Lane,45387370828,2022-09-08
2290,Shem,Pinnocke,(709) 5612635,9 Nelson Circle,69766757819,2022-12-16
2291,Hilarius,Dyball,(122) 6924170,79817 Leroy Terrace,80729147327,2022-08-06
2292,Kirsten,Warhurst,(502) 9143754,510 Stang Trail,43414636559,2022-09-27
2293,Tanner,Weekly,(371) 1034550,7 Hoepker Pass,40538266384,2023-04-20
2294,Micheal,Dealey,(626) 1359092,31738 Merrick Street,96680462601,2023-01-31
2295,Chrissy,Rumsby,(206) 3601623,5 Anhalt Avenue,97369345416,2022-09-22
2296,Theobald,Jillitt,(514) 5882791,4087 Cascade Road,18273232307,2022-06-14
2297,Zared,Roth,(412) 9353770,5 Utah Court,43563914946,2023-01-29
2298,Sherwin,Brettor,(935) 1875204,5 Tony Place,14479280916,2022-07-15
2299,Joannes,Yesichev,(887) 3466730,64 Scoville Plaza,89438749256,2023-02-15
2300,Charmane,Leber,(925) 8572574,81716 Clarendon Crossing,42415809102,2022-09-01
2301,Maximo,Addlestone,(699) 1860099,553 Memorial Parkway,15755296782,2023-03-28
2302,Jared,Annell,(320) 7704632,60492 Springs Point,11211316119,2022-07-16
2303,Englebert,Barbary,(597) 8246312,78 Bultman Road,39075466982,2022-12-02
2304,Paige,Juden,(665) 9383494,228 American Ash Point,95759576344,2022-10-11
2305,Corri,MacCaffery,(832) 5709572,675 Lillian Crossing,02681748431,2022-05-18
2306,Alfons,Kures,(199) 4214711,7 Swallow Point,09937366240,2022-10-23
2307,Marcos,Vela,(505) 1653898,71628 Daystar Lane,18130593396,2022-10-26
2308,Cesar,Apfelmann,(407) 6922428,293 Heffernan Pass,02585637205,2022-12-14
2309,Belia,Agdahl,(234) 6874074,93119 Coleman Pass,30800540710,2023-02-09
2310,Jerrie,Maylott,(524) 5140489,65 Weeping Birch Trail,79909653882,2022-10-18
2311,Wilow,Tudgay,(426) 7975930,5611 Banding Drive,36081451869,2022-10-20
2312,Codee,Davidove,(373) 7572310,66 7th Hill,22994425587,2022-05-15
2313,Vasilis,Goldston,(479) 6098960,600 Forest Terrace,21549106773,2023-04-09
2314,Salim,Leitche,(611) 1764829,8 Ludington Drive,13943835923,2023-05-01
2315,Shelley,Saunton,(938) 8068146,51126 Steensland Road,03888742381,2022-12-28
2316,Erwin,Banting,(788) 2020289,18 Holy Cross Parkway,64522300544,2023-02-08
2317,Tedmund,Curtiss,(696) 5186595,0 Shasta Junction,39446641716,2023-02-27
2318,Jayme,Lumby,(462) 6820429,947 Golden Leaf Drive,78352806581,2022-12-22
2319,Tabina,Dashwood,(661) 9029379,2 Lindbergh Pass,00422654726,2022-10-19
2320,Clarisse,Ecles,(566) 2697811,7596 Hoard Plaza,28246077548,2022-12-10
2321,Tim,Bicheno,(762) 9593605,191 Larry Hill,55588804915,2023-03-10
2322,Lock,Brimilcombe,(508) 2337415,826 Barby Drive,62561902446,2022-10-02
2323,Ado,Lucks,(405) 6242440,27513 Amoth Terrace,76077024087,2022-06-02
2324,Cthrine,Allwell,(483) 6406685,6 Heffernan Place,99811255294,2022-12-10
2325,Kacy,Stopforth,(183) 2950864,76 Michigan Way,33886651060,2022-08-14
2326,Haley,Furmenger,(305) 7851313,938 Namekagon Road,19613352169,2022-06-04
2327,Yorker,Costen,(618) 6612295,5 Monterey Plaza,67594443574,2023-03-01
2328,Carree,Leglise,(381) 7672654,319 Vidon Lane,60091130450,2022-11-05
2329,Weylin,Marini,(939) 4384755,880 Delladonna Avenue,85246158429,2023-04-11
2330,Noami,Iskov,(936) 2524918,45049 Clarendon Circle,28924979638,2022-11-20
2331,Chadd,Geggus,(900) 5007476,119 Golden Leaf Road,70333721212,2022-10-11
2332,Benjamin,Leadbitter,(902) 8746315,89 Trailsway Way,52485881760,2022-08-29
2333,Kain,Varlow,(488) 6706934,06 Monterey Terrace,39703980264,2022-05-22
2334,Yalonda,Hallstone,(165) 2853612,6 Shopko Street,60267338722,2023-03-19
2335,Northrup,Powley,(457) 6423927,3 Granby Pass,44121122900,2022-09-04
2336,Bruno,Blitz,(694) 8044174,2938 Lake View Park,77806016234,2022-06-07
2337,Mabel,Oylett,(352) 1324780,96 Parkside Circle,44717636631,2022-09-17
2338,Dani,Rockhill,(386) 6808180,031 Moland Lane,28382969478,2022-07-17
2339,Chandler,Gooden,(637) 4147249,29 Bay Lane,50816038555,2022-12-10
2340,Pansy,Chapleo,(885) 7489546,36 Tony Lane,45488765509,2022-10-26
2341,Iona,Giacomello,(140) 3345025,70930 Crescent Oaks Road,24276873458,2022-06-05
2342,Warner,"O' Markey",(664) 3386131,325 Lakeland Terrace,70607110714,2022-06-01
2343,Etti,Lightman,(988) 6500793,3 Park Meadow Trail,00703793663,2022-06-03
2344,Holden,Sevin,(911) 7837382,4 Reindahl Crossing,69270863225,2023-03-11
2345,Brian,Mably,(294) 9497178,6860 Oxford Terrace,38922158425,2023-04-27
2346,Ramon,Mouth,(424) 3569154,292 Mosinee Way,36284732699,2023-04-08
2347,Peri,McHarry,(359) 2464082,23 Dayton Street,21279582210,2022-05-12
2348,Rowland,Goch,(551) 4824428,57 American Ash Way,35402950797,2022-05-20
2349,Luisa,Jeayes,(699) 2939032,62063 Lunder Circle,83453408895,2023-04-10
2350,Erny,Meins,(881) 2382138,4111 Graedel Park,15996021340,2022-07-26
2351,Kipper,Vatcher,(377) 8827716,52979 Laurel Park,50975050484,2023-02-06
2352,Renell,Drysdell,(147) 2621812,77 Butterfield Crossing,00988161333,2022-10-06
2353,Lawton,Frantzeni,(350) 4135776,30992 Cherokee Court,32373210223,2022-12-03
2354,Lilly,Oglesbee,(633) 9903770,46370 Portage Avenue,26090731450,2022-12-28
2355,Chico,Caldaro,(252) 3215818,94 Paget Drive,78079803996,2023-04-24
2356,Max,Grinsdale,(326) 1010114,904 Michigan Center,98053616063,2022-05-19
2357,Isis,Staunton,(422) 4973694,628 Nevada Way,62798997275,2022-11-28
2358,Ches,Lemanu,(822) 1495639,50754 Lawn Road,43284161904,2022-12-02
2359,Delmor,Overstone,(513) 8513757,54 Monterey Center,16664455255,2022-12-20
2360,Candie,Burnsall,(328) 7673244,13 Schurz Plaza,52335505883,2023-04-26
2361,Babita,Hagley,(251) 2378594,8866 Garrison Street,93068353257,2022-11-21
2362,Felicio,McCoy,(317) 3911145,9 Spohn Plaza,62273697708,2023-02-22
2363,Auberta,Aphale,(646) 9229501,293 Katie Center,84640680881,2023-04-23
2364,Delila,McIlhagga,(422) 1448715,84 Monterey Point,20477088386,2022-07-02
2365,Giuseppe,Brice,(191) 3141869,59 Meadow Valley Way,50292708260,2022-05-17
2366,Laverna,Stillwell,(997) 6086718,55151 Mcbride Parkway,24720009822,2022-08-22
2367,Juieta,Aulsford,(951) 6333622,402 Mccormick Junction,24267284147,2022-05-14
2368,Cele,Spur,(224) 3826875,6069 Stoughton Pass,67591318906,2023-04-28
2369,Anabel,Bread,(263) 2995264,474 Hovde Plaza,26046273928,2022-08-02
2370,Tawnya,Kirke,(589) 3847869,2221 Jackson Avenue,22123194380,2022-10-28
2371,Jasen,Aronstam,(625) 5863407,587 Harbort Alley,02551897373,2022-10-17
2372,Dave,Hukins,(441) 5943932,5158 Welch Street,06692997402,2022-05-18
2373,Catlee,Plester,(746) 7304063,43 Amoth Place,61071500819,2022-06-06
2374,Lucius,Moraleda,(856) 2180461,5 Moose Crossing,42338846314,2023-02-06
2375,Gwynne,Vader,(787) 1209700,7 Michigan Plaza,22902535121,2022-06-20
2376,Georgy,Cossentine,(282) 6513285,9208 Evergreen Point,82658242130,2023-03-18
2377,Palmer,Scoyne,(633) 5883668,20950 Holy Cross Trail,36501711587,2022-08-14
2378,Andriette,Watkiss,(916) 1630721,3 Russell Terrace,22348596769,2023-04-15
2379,Wyndham,Mortel,(276) 7781953,67265 Fallview Center,74078397940,2022-10-26
2380,Tallie,Pierce,(236) 1313130,0 Summit Junction,35067662583,2023-03-24
2381,Henrietta,Duro,(771) 5892604,46 Fairfield Trail,60986274852,2023-01-08
2382,Marje,Dulake,(982) 8836143,7 Monterey Way,59805578404,2023-03-15
2383,Elnar,Vallack,(402) 9443197,80 Hagan Place,69729097880,2023-01-26
2384,Irwinn,Halgarth,(582) 1369040,9784 Stephen Street,60561431936,2022-12-22
2385,Ivan,Roycroft,(933) 8159040,4 Messerschmidt Plaza,51530300341,2023-02-08
2386,Renault,Pickhaver,(178) 6183799,25224 Springview Court,01673607677,2022-12-13
2387,Isidora,Calderbank,(641) 1843273,047 Melrose Terrace,13438986288,2022-06-02
2388,Chelsey,Baseley,(715) 2038385,373 Oneill Way,36378923228,2022-09-14
2389,Aidan,Keddy,(525) 5277833,02909 Iowa Park,96244102768,2022-06-12
2390,Mack,Gilpin,(100) 4009521,08 Cambridge Trail,66462025907,2023-05-06
2391,Crissie,Broadist,(204) 7456747,15877 Riverside Trail,88388404880,2023-04-24
2392,Kaila,Andreia,(421) 4786797,0523 Oneill Junction,62913194739,2022-11-19
2393,Lanette,Conisbee,(193) 9215752,77 Blackbird Road,71660382382,2022-11-03
2394,Aubrey,Callister,(712) 3476894,968 Glendale Parkway,07527940045,2023-03-12
2395,Pattin,Ells,(524) 7573820,66 Declaration Lane,97333327965,2023-01-08
2396,Maiga,Frushard,(208) 9773054,5 Hanover Parkway,89680107339,2023-02-10
2397,Nikaniki,Logg,(109) 4839746,3 Loftsgordon Center,28152469925,2022-07-14
2398,Candie,Cleaves,(407) 9057295,2434 Stuart Crossing,56087854419,2022-06-27
2399,Caye,Bonin,(470) 7230385,4 Hintze Crossing,51148930428,2023-02-26
2400,Cordula,Mont,(760) 9267653,9 Meadow Vale Pass,62377199873,2022-08-08
2401,Ettie,Morffew,(251) 8140038,02 Eggendart Lane,86151712597,2023-02-18
2402,Celia,Laughren,(364) 6021796,80 Michigan Park,50551916685,2022-10-28
2403,Lari,Edgar,(180) 7965991,849 Dorton Circle,70003654009,2022-05-07
2404,Drusi,Murty,(321) 6287605,0 Brown Parkway,11964943027,2022-06-14
2405,Jesse,Kase,(188) 5760439,76 Monument Parkway,68482599601,2022-09-23
2406,Hermie,Jost,(177) 6800714,25712 Evergreen Crossing,45324273875,2022-09-02
2407,Ardra,Hebburn,(842) 5525360,337 Meadow Vale Trail,84904253212,2022-12-10
2408,Curtis,Hankinson,(927) 7324848,91448 Monument Trail,76012511542,2023-05-05
2409,Elsy,Traice,(477) 3130413,7570 Forest Dale Street,98853045258,2023-03-24
2410,Nikos,Siemons,(641) 2554002,207 La Follette Point,61138035274,2022-12-22
2411,Wilek,MacCarrick,(642) 1202084,544 Swallow Point,36276405639,2022-10-13
2412,Kelcey,Parslow,(713) 1542179,1 Towne Park,59896093780,2023-03-01
2413,Dorelia,Skillman,(723) 8972731,591 Briar Crest Trail,13033611300,2022-10-31
2414,Filip,Heisman,(202) 9302965,9583 Pawling Trail,47906944643,2022-07-16
2415,Fons,Legging,(325) 2661574,233 Welch Circle,64451223747,2022-08-17
2416,Anetta,Union,(457) 7240806,497 Banding Park,63074210038,2022-11-20
2417,Manda,Greenier,(367) 2972741,3 Straubel Point,19780188953,2022-07-26
2418,Dolorita,Gubbins,(601) 4734961,76589 Lighthouse Bay Court,04859989061,2022-12-04
2419,Dagny,Eltringham,(387) 5465351,29410 Chive Terrace,29322214203,2022-06-30
2420,Cullin,Plues,(483) 6575473,93 Browning Street,31475470621,2023-02-27
2421,Sibley,Dorbin,(569) 3625742,008 Columbus Circle,09176095114,2023-02-15
2422,Storm,Dhenin,(871) 7426885,308 Utah Point,66688937968,2022-11-23
2423,Dot,Minister,(491) 5461201,603 Hayes Point,85356560862,2023-02-17
2424,Cash,Broggio,(575) 9837498,7775 Hayes Lane,35037086729,2022-08-31
2425,Georgianna,Pert,(609) 6202485,7612 Buhler Court,85889786383,2022-08-21
2426,Ricard,Brigstock,(948) 8798743,54 Mockingbird Lane,90692649929,2022-06-04
2427,Torin,Bog,(657) 8162938,6 Del Mar Center,97828858491,2022-12-10
2428,Eddie,Moring,(787) 7289035,74 Sutteridge Street,78522565766,2023-04-11
2429,Raoul,Inder,(465) 9920497,23353 Carpenter Hill,14836902374,2022-11-22
2430,Aggie,Weldrick,(518) 2859465,70 Oxford Street,25352777312,2022-09-14
2431,Beau,Ghidoni,(721) 3390504,2109 Goodland Point,73928325462,2023-04-19
2432,Kimmy,Weine,(296) 7429330,75124 Brown Point,93054100824,2023-01-30
2433,Cherise,Sitch,(128) 9203247,1101 Pennsylvania Plaza,09203284522,2022-08-06
2434,Zeb,Gowdridge,(667) 7392800,00647 Dryden Way,12328291806,2023-03-08
2435,Far,MacCurley,(561) 9569838,71762 Quincy Park,58039661762,2023-05-03
2436,Harmony,Moughton,(575) 6938395,431 Prairie Rose Circle,72881758487,2022-12-22
2437,Tedman,Micklem,(998) 9104627,844 Dixon Lane,05641084946,2023-04-07
2438,Marijn,McGall,(602) 1890203,63628 Waxwing Court,44123441664,2022-07-10
2439,Tasha,"O'Hollegan",(616) 7675472,3930 Fieldstone Way,66389239791,2022-05-20
2440,Huberto,Lapenna,(929) 3646630,8 Mallory Hill,54287231721,2023-01-13
2441,Gretchen,Gauld,(964) 9141348,9001 Bunker Hill Street,63700039476,2023-01-18
2442,Sibylle,Goschalk,(121) 7930642,07249 Shasta Center,24717562358,2023-03-22
2443,Leicester,Pengelly,(190) 6876218,1296 Chinook Point,97656791655,2022-08-16
2444,Umeko,Rathbourne,(850) 5199945,52560 Kennedy Point,67936396359,2023-04-30
2445,Clarey,Glazier,(770) 1261151,51 Cardinal Lane,15024854883,2022-07-31
2446,Carol,Brownsworth,(963) 8678092,7 Bartillon Hill,27516442255,2023-02-13
2447,Maddy,Hellwig,(688) 7456934,0652 Corben Terrace,42641809757,2023-01-09
2448,Sandye,Trynor,(538) 5996603,81 Fulton Plaza,82142196179,2022-09-05
2449,Martie,Entwisle,(389) 5284217,79205 Moose Court,03891987265,2023-04-05
2450,Mariska,Otham,(767) 5581857,82 Dennis Hill,15531423556,2023-02-17
2451,Brendan,Praundl,(306) 1580470,6 Huxley Street,17149363980,2023-03-06
2452,Josiah,Sherwin,(665) 2437337,13 Vermont Plaza,52295995916,2023-02-06
2453,Alexandr,Orknay,(439) 7540078,8584 Sunnyside Point,14945394903,2023-01-25
2454,Fawn,Zanicchelli,(907) 1180164,8 Glendale Place,17415117731,2023-02-16
2455,Tabbatha,Harmes,(316) 9162110,42024 Alpine Road,71128588560,2023-02-01
2456,Dexter,Chimenti,(341) 6528084,8 Judy Point,19643985567,2022-06-14
2457,Carrie,Klus,(599) 6544718,968 Atwood Road,66157159505,2022-11-10
2458,Benjie,Pover,(466) 2962540,155 Pleasure Street,10386514909,2023-01-25
2459,Shem,Ick,(601) 2006391,7821 Starling Hill,51646781406,2023-03-06
2460,Stormi,Camoys,(537) 1821785,6 Quincy Street,56247749079,2022-07-27
2461,Pammie,Chifney,(893) 9489524,68301 Armistice Avenue,94220702179,2022-12-30
2462,Felecia,Kumaar,(834) 2727060,7 Ridgeview Drive,03960015084,2023-03-15
2463,Marven,Alan,(738) 6733342,3 Shopko Trail,56007020848,2022-10-31
2464,Nelly,Zanazzi,(443) 6907034,7899 Blaine Hill,14464048039,2023-01-12
2465,Rickie,Selland,(630) 7952771,651 Blue Bill Park Point,20481436609,2022-07-20
2466,Brittaney,Casaroli,(618) 6898800,2 Sauthoff Avenue,14303879333,2023-02-12
2467,Drucy,Cleatherow,(410) 8548946,9 Forest Drive,71601632803,2022-06-21
2468,Sunshine,Ewers,(370) 3755839,8 Old Gate Pass,74679515937,2023-04-02
2469,Deana,Trenholme,(655) 1304950,62436 Elmside Center,79290555506,2023-04-18
2470,Bob,Puttan,(631) 1825085,54 Manley Place,73153290756,2022-06-08
2471,Lonna,Atlay,(606) 3597329,9 Oriole Junction,10005579868,2022-05-09
2472,Virgil,von Nassau,(711) 8968826,6485 Lighthouse Bay Circle,99041465572,2022-08-19
2473,Shelley,Chadband,(717) 1362169,27 Veith Place,74568780564,2022-07-06
2474,Tabbie,Timmermann,(618) 5195366,583 Lotheville Drive,32201100591,2022-06-09
2475,Renate,Cleevely,(304) 8800390,30 Darwin Plaza,54220818859,2023-05-01
2476,Roosevelt,Medhurst,(605) 5520982,3633 Burning Wood Alley,23064598648,2023-04-24
2477,Lenka,Burleigh,(583) 4433927,8443 Forest Junction,24255286853,2023-04-09
2478,Stavro,Mordue,(456) 6699377,86 Meadow Ridge Avenue,34177168084,2022-06-03
2479,Salome,Masterson,(309) 5745867,47 Troy Place,19288656634,2022-12-11
2480,Iona,Brusle,(434) 7281366,87 Buell Drive,50546424220,2023-02-14
2481,Monroe,Rankcom,(739) 5545293,6714 Lillian Road,84192422208,2022-06-30
2482,Rozanna,Gouldsmith,(168) 3578982,0730 Columbus Hill,30396950465,2022-12-05
2483,Lesly,Dermot,(617) 1723538,092 Derek Point,18804675064,2022-06-13
2484,Kipp,McGreary,(407) 5088231,69 Hintze Circle,67548985445,2022-10-03
2485,Chucho,Tomlin,(288) 4460497,72388 Pankratz Park,41064989907,2022-12-17
2486,Tadd,Troyes,(249) 5038698,02627 Granby Lane,52701996708,2022-05-26
2487,Isacco,Rimmington,(909) 9749904,006 Merchant Crossing,18227381403,2022-06-10
2488,Sherman,Coltart,(484) 7757080,950 Talisman Street,42684558592,2023-04-25
2489,Loni,Talby,(119) 2507222,879 Blackbird Drive,74657817645,2022-05-30
2490,Carce,Simoncini,(461) 9360192,7 Orin Crossing,54860039619,2022-11-05
2491,Jammie,Pavitt,(411) 3467127,28589 Carioca Road,54672577731,2022-07-03
2492,Kyle,Bridgman,(818) 8615139,62375 Bunker Hill Terrace,68441248171,2022-08-19
2493,Adrian,Vaneschi,(369) 7183291,3 Bellgrove Place,11904431956,2023-01-22
2494,Duff,Robertacci,(688) 5959110,77530 Morningstar Street,28408677979,2022-07-27
2495,Malia,MacPike,(638) 1956590,5017 Fordem Place,65426910144,2023-04-20
2496,Catherina,Stopford,(294) 8394315,69 Montana Court,54904122261,2022-05-28
2497,Rodolphe,Ough,(436) 2789195,5856 Logan Crossing,78674841740,2023-04-14
2498,Taylor,Andriveau,(220) 2838081,2112 Hagan Place,80373223668,2023-01-05
2499,Ilise,Wattingham,(757) 7640964,24701 Scott Lane,86352600737,2023-03-12
2500,Lyndel,Skates,(559) 1694096,10751 Calypso Place,55248573589,2023-01-22
2501,Valencia,Johann,(835) 3044058,62 Jay Alley,72954553363,2022-12-30
2502,Lauryn,Geldeford,(315) 2932776,5822 Moose Way,88015739249,2023-02-04
2503,Godwin,Garton,(666) 8579530,2 Stuart Place,46580540602,2022-12-31
2504,Sheila,Webb-Bowen,(239) 3435730,5674 Sunfield Road,74496605729,2023-03-06
2505,Isidro,Dybell,(160) 6577956,07 Buell Hill,26116385917,2022-12-15
2506,Uriel,Grent,(367) 6883606,7 Ruskin Center,85917209546,2022-08-02
2507,Kristel,McPake,(290) 3377309,1 Dakota Alley,20772254455,2023-03-02
2508,Mozelle,Neiland,(406) 2105279,75 Bashford Way,26264705352,2022-09-27
2509,Lissie,McNaught,(878) 9377599,13 Merrick Court,77653818887,2023-04-30
2510,Alis,Imlacke,(896) 3641502,873 Longview Road,81942772261,2022-10-09
2511,Nikolai,Coaten,(587) 6665799,32833 Hintze Junction,94889320625,2022-09-11
2512,Teddy,Hatherill,(890) 8868994,6028 Chive Lane,34392884389,2023-01-16
2513,Chrisy,Singh,(281) 6129030,2683 Onsgard Parkway,65206122692,2022-08-13
2514,Twyla,Andreev,(423) 5092396,81 Buena Vista Place,84641986603,2022-06-19
2515,Linnea,Drinkel,(745) 9588054,349 Goodland Hill,14992442237,2023-04-03
2516,Lynnet,Nunn,(213) 6963533,49 Village Green Crossing,64567531432,2023-03-24
2517,Jean,Coverlyn,(978) 3226949,95 Lien Pass,14632204972,2022-06-10
2518,Malissa,Rivenzon,(171) 6091845,30411 Packers Court,50930020541,2022-06-05
2519,Elbert,Losbie,(978) 3120957,0 Summit Circle,28513556763,2022-12-15
2520,Nola,Hartright,(149) 9278378,157 Daystar Parkway,39408714300,2022-09-18
2521,Hagan,Brislen,(580) 7338686,702 Clemons Center,83303518070,2022-11-02
2522,Kattie,Neesam,(757) 1268478,713 Laurel Court,03607120652,2023-04-29
2523,Egan,Normavill,(456) 8132491,85534 Monument Alley,22199873000,2022-06-11
2524,Claybourne,Pere,(193) 9402622,689 Swallow Park,01418186937,2022-11-05
2525,Shirlene,Rawlingson,(446) 4434764,1 Hansons Plaza,91621271854,2022-11-18
2526,Silva,Renzini,(176) 3429851,6818 Boyd Terrace,41791476222,2023-05-03
2527,Rolph,Coultas,(371) 8883249,9 Summit Junction,08778514690,2022-11-10
2528,Missy,Cisec,(881) 5617492,19848 Havey Crossing,39122446047,2023-02-26
2529,Trace,Braniff,(465) 7939928,0668 Talisman Street,01481244455,2022-06-30
2530,Alfie,Burgoyne,(885) 6670284,7 Northfield Parkway,03928663320,2022-11-29
2531,Nancey,Ovens,(197) 3896572,2 Carberry Trail,54976929740,2023-03-11
2532,Al,Hacquoil,(779) 7283308,4 Mayfield Court,90396942972,2022-11-12
2533,Veronike,Azam,(255) 7425132,48695 Armistice Terrace,31663661095,2022-07-25
2534,Rona,Waeland,(505) 7239839,5 Lillian Drive,47477767923,2023-03-11
2535,Collette,Potten,(407) 4434192,2 Marcy Park,75226925163,2023-01-25
2536,Allsun,Garratt,(524) 7270689,981 Manitowish Hill,03263680703,2022-11-16
2537,Filippo,Gossage,(485) 6383894,77245 Moose Terrace,77116034867,2023-04-05
2538,Margareta,Prescote,(844) 3949851,1490 Saint Paul Point,10937464857,2022-08-23
2539,Lacey,Hyndes,(488) 2850630,23 Hanson Plaza,66411649037,2022-12-24
2540,Edy,Marcam,(901) 3843820,4 Brown Trail,05090452253,2023-01-07
2541,Lind,Rowson,(996) 8704734,17 Dovetail Hill,16604724176,2022-06-06
2542,Marillin,Screas,(520) 9919746,1 Kinsman Junction,65372408910,2023-02-27
2543,Annabal,Trumble,(777) 3193400,33903 Talmadge Center,36413015630,2022-07-06
2544,Raddy,Hurich,(179) 7741966,3539 Old Gate Parkway,31891363226,2022-11-15
2545,Koo,Bednall,(898) 7847415,94 Cascade Plaza,88184548701,2022-09-04
2546,Loren,Scowen,(627) 8379104,4 Meadow Valley Parkway,23971587167,2022-05-08
2547,Arabela,Andrus,(204) 3247254,24158 Lawn Junction,19313601004,2022-06-26
2548,Binky,Skitch,(709) 3836878,96247 Northport Street,74782684013,2023-03-28
2549,Pierette,Defty,(854) 7282250,907 Kedzie Circle,24456546060,2022-06-14
2550,Patricio,Langlands,(432) 1401754,67 Scott Way,53697369378,2022-06-15
2551,Aubrey,Tomaszczyk,(957) 6862022,1130 Warner Pass,32691205000,2022-11-04
2552,Dallas,Vasnev,(348) 2869188,76247 Sullivan Road,16426699657,2022-10-21
2553,Lester,Straun,(327) 4226381,88307 Surrey Point,01434732271,2022-08-24
2554,Dudley,Muselli,(844) 9379234,26212 Menomonie Drive,95477629819,2022-06-22
2555,Odelia,Wickstead,(614) 2981885,1 Crescent Oaks Parkway,03589387574,2022-10-29
2556,Thorin,Shimmings,(549) 1868258,080 Esker Street,91433357568,2022-10-02
2557,Sabine,Lundberg,(423) 1610834,7109 Rowland Park,70330667563,2022-06-06
2558,Ashla,De Caville,(587) 2601615,453 Schurz Court,64638320124,2023-01-08
2559,Clay,Guidini,(189) 7375179,76792 Marcy Pass,57555581376,2022-05-07
2560,Mercie,Mylchreest,(571) 9903430,8873 Westport Trail,28551285516,2022-08-05
2561,Pattin,Rennicks,(193) 9616276,7 Monument Street,46319147799,2022-06-30
2562,Lezley,Lebarree,(944) 6181496,2 Bonner Parkway,83498255026,2023-02-21
2563,Flory,Thwaite,(343) 9552068,6 Bunker Hill Avenue,24779199444,2023-04-24
2564,Flem,Iacovuzzi,(965) 9846689,00651 Welch Hill,99961819991,2023-04-11
2565,Jeannette,Jopp,(178) 5304735,8 Bowman Terrace,93864073988,2022-08-16
2566,Cherise,Battison,(497) 1927659,56 Johnson Drive,45719822895,2022-10-12
2567,Wendeline,MacAlees,(150) 5400418,72 Dayton Pass,65902350206,2023-01-14
2568,Sheena,Stopher,(510) 7603178,9333 Cordelia Way,62999373586,2022-05-27
2569,Kile,Palay,(131) 8834472,9 5th Drive,87243955224,2023-02-27
2570,Ferguson,Hrinishin,(839) 1817942,394 Aberg Street,81415425449,2022-12-29
2571,Una,Mechell,(505) 6288049,0 Luster Avenue,97511179584,2022-11-22
2572,Shelia,Scoyles,(431) 1697172,98532 Center Point,91450062092,2022-10-10
2573,Marya,Cosser,(190) 2048461,95874 Acker Hill,89598637954,2022-05-16
2574,Luci,Castelot,(737) 3797815,01 Vermont Terrace,12935997376,2022-10-17
2575,Brunhilda,Acland,(334) 5491741,6892 Cardinal Road,91342563471,2023-02-12
2576,Emery,Hargroves,(948) 3615730,755 Farragut Center,40188102699,2022-10-17
2577,Frank,Bednall,(375) 1274359,0 Westend Point,64010701529,2023-01-19
2578,Elita,Thouless,(152) 6342000,56 New Castle Pass,30355608112,2022-09-18
2579,Dniren,Varrow,(208) 3319149,982 Shopko Center,63252512523,2022-07-20
2580,Anthea,Paddock,(665) 5111012,67610 Dahle Lane,22731927182,2022-07-01
2581,Hastings,Attridge,(456) 1886729,6710 Sullivan Alley,32975038574,2022-07-09
2582,Guinna,Parkhouse,(120) 7848979,970 Sutteridge Pass,82046930504,2023-01-01
2583,Lark,Nicklen,(812) 3339583,804 Jackson Junction,95623272811,2022-07-12
2584,Stern,Vicar,(393) 3505642,71 Bartillon Plaza,98414955186,2022-10-02
2585,Tanya,Acklands,(755) 7287970,71438 Tony Way,37781372042,2023-04-23
2586,Keriann,Averay,(945) 2814994,56291 Hoard Way,04166696143,2022-07-18
2587,Patin,Fromant,(236) 1325870,81548 Eastlawn Junction,62068645754,2022-11-23
2588,Burton,Eastbrook,(736) 2036543,07113 Tennyson Alley,93415736403,2023-03-07
2589,Maurise,Wiersma,(147) 2638442,4620 Sheridan Avenue,89553186734,2023-02-14
2590,Randell,McKenna,(718) 7780269,5916 Summer Ridge Avenue,13928688871,2022-06-17
2591,Nancie,Veldstra,(481) 5074131,257 Roxbury Crossing,98274858023,2023-01-09
2592,Herculie,Bartol,(952) 5807724,700 Ramsey Circle,01004715421,2023-02-14
2593,Sharyl,Benner,(770) 1684138,2 Hoepker Road,82990094177,2023-04-01
2594,Mikkel,Brosel,(486) 9530329,75 Delaware Park,24929613073,2022-08-28
2595,Leoine,Redmile,(546) 8230098,6406 Mccormick Point,02107140741,2022-07-18
2596,Marcie,Boggers,(973) 8487420,1773 Amoth Drive,74561584236,2022-12-08
2597,Scotti,Coyne,(373) 1507211,92 Roxbury Junction,42181666841,2023-02-22
2598,Robinia,Lawlings,(448) 5833312,51214 Evergreen Lane,33063535162,2022-11-30
2599,Man,Verheyden,(346) 7388308,126 Starling Crossing,08950517845,2022-08-11
2600,Reuven,Grimshaw,(567) 2337926,1172 Sunfield Drive,96966853696,2023-02-19
2601,Kerry,Nowakowski,(331) 8377350,6251 Thackeray Lane,14470470324,2022-06-29
2602,Cora,Masse,(662) 7348167,1262 Ilene Street,05098891042,2022-06-29
2603,Estele,Clift,(730) 8905252,27 Dakota Hill,51530365714,2022-05-15
2604,Kimbra,McFie,(207) 4990084,035 Quincy Park,66306262335,2022-11-15
2605,Thekla,Pirozzi,(628) 7757774,98 Sachtjen Plaza,64553129757,2023-01-17
2606,Kent,Rable,(896) 1947432,59737 Dryden Road,54360829847,2022-12-29
2607,Carleen,Heed,(326) 3272886,6878 Eagan Court,12174520917,2022-10-26
2608,Mei,Beswetherick,(173) 3980367,2 Havey Plaza,83816222098,2022-08-27
2609,Julian,Gosney,(330) 2390864,0760 Hayes Trail,98427758093,2023-04-25
2610,Corie,Chrismas,(116) 4080113,5 Sage Junction,81352453627,2022-09-10
2611,Willi,Louisot,(566) 2832855,588 Aberg Point,14542644956,2023-01-25
2612,Travis,Mustoe,(394) 5189796,0386 Goodland Road,02133870605,2022-08-11
2613,Trstram,Skough,(615) 1016153,412 Northview Point,07485008988,2022-12-10
2614,Nicki,Cheverton,(766) 4977146,673 Macpherson Alley,66263827219,2022-10-28
2615,Erie,Curgenven,(622) 2049647,1 Shoshone Plaza,58354352203,2023-02-03
2616,Ginevra,Frith,(390) 1766306,57 Golden Leaf Pass,36485395215,2022-07-04
2617,Joeann,Chavey,(145) 9800023,418 Lillian Crossing,07548051369,2023-01-21
2618,Arluene,Horsefield,(212) 2084731,446 Hallows Crossing,84386532567,2022-12-30
2619,Roxanne,Shrieves,(602) 5481241,574 Delladonna Avenue,64769378096,2022-11-30
2620,Bendix,Bruff,(111) 1290983,9572 Dayton Junction,56605417869,2022-08-07
2621,Aveline,Cristoforetti,(469) 7018465,76450 Truax Hill,41976945083,2022-07-28
2622,Genvieve,Witchard,(951) 4490636,04 Dexter Hill,81625366539,2022-05-25
2623,Morgen,Isacoff,(780) 6697719,21593 Canary Point,03282316871,2022-10-21
2624,Prinz,Farnworth,(634) 3901970,495 Wayridge Center,37346598015,2023-03-02
2625,Vanessa,Rayson,(337) 4678690,771 Thompson Center,99259740783,2023-01-28
2626,Stewart,Giblett,(518) 6584710,477 Forest Dale Center,77171603817,2023-02-26
2627,Lewiss,Hamlin,(359) 2299984,062 Walton Circle,61334297706,2023-01-17
2628,Oby,Brosel,(341) 8498981,751 Pawling Hill,95486069160,2023-02-27
2629,Haven,Goeff,(658) 7159793,10170 1st Plaza,36669958431,2022-08-14
2630,Quent,Strotton,(442) 7326468,7645 School Parkway,58587304429,2023-03-25
2631,Beniamino,De Benedetti,(262) 1468295,81 Kingsford Park,76108709847,2023-04-20
2632,Ilysa,Serrurier,(868) 7939810,72381 Crownhardt Avenue,22571799697,2022-09-09
2633,Shani,Milnes,(702) 6478208,3 Daystar Trail,29842058182,2023-01-10
2634,Maryjo,Cressy,(919) 9232596,985 Fremont Court,15210527054,2022-12-08
2635,Pippa,Carlsson,(118) 1215393,1 Pierstorff Terrace,03138727908,2022-08-15
2636,Beltran,Bassingden,(946) 7970448,3504 Trailsway Avenue,77488645429,2022-08-22
2637,Marty,Killshaw,(196) 3324157,46419 Shoshone Terrace,59502424925,2022-09-21
2638,Hubie,Peasby,(485) 2023341,0 Manufacturers Circle,34366827370,2023-03-08
2639,Erwin,Saiz,(231) 4117800,24127 Union Pass,23445415039,2022-10-26
2640,Jillayne,Caple,(137) 7611676,1291 Stang Avenue,19663147635,2023-03-15
2641,Brandice,Toffanelli,(160) 2630381,9551 Meadow Vale Terrace,02816710316,2023-03-10
2642,Garrot,Reven,(993) 6224023,55586 Cherokee Road,66360502316,2023-02-26
2643,Alva,Coton,(684) 7726725,23 Norway Maple Pass,66297942650,2023-01-28
2644,Delcine,Spon,(693) 9742851,33 Prairie Rose Junction,08140644470,2022-10-10
2645,Arlyne,Guillon,(470) 3499235,26610 Dennis Parkway,78071858671,2022-10-29
2646,Conni,Elintune,(802) 2728463,95921 Portage Street,21501043746,2023-01-31
2647,Cello,Durand,(539) 3615619,145 Vahlen Crossing,46000531644,2022-10-08
2648,Tucker,Floodgate,(528) 2536626,0295 Daystar Road,14248568185,2022-05-29
2649,Faydra,Rylands,(603) 8291971,9 Bartelt Terrace,43815949540,2022-08-14
2650,Starlin,Hawe,(730) 7359433,46 Grim Point,54688303977,2022-08-29
2651,Osbert,Haggie,(551) 4334375,89077 Bowman Court,85578238208,2023-01-25
2652,Brenden,Romney,(196) 3554259,769 Karstens Lane,19997124200,2022-06-06
2653,Christye,Drugan,(187) 1751763,2 Porter Terrace,22286705592,2023-03-01
2654,Cull,Barry,(718) 2821285,885 Susan Circle,49244959210,2022-12-21
2655,Julia,Tierney,(458) 9963983,31198 Buell Hill,90856833026,2022-07-31
2656,Barnabas,Sumnall,(694) 8833990,6 Pierstorff Place,77281698430,2022-12-02
2657,Teresa,Middis,(338) 5684871,581 Lien Street,02572796031,2023-01-03
2658,Kirbee,Blaxlande,(627) 3659687,3 Londonderry Center,87226632259,2022-10-31
2659,Elsinore,Reedick,(525) 6497270,095 Lien Place,71414046079,2022-12-12
2660,Nev,Pexton,(132) 8624982,3 Havey Drive,12564599781,2022-11-05
2661,Carma,Carrabott,(136) 9889941,8 Fairfield Lane,61094322038,2022-07-03
2662,Mela,Campanelli,(880) 2857041,1487 Londonderry Drive,68733576180,2022-12-26
2663,Sly,Prantl,(139) 3416641,2 Cottonwood Way,51489156814,2022-12-29
2664,Idaline,Gallafant,(605) 4361394,9913 Canary Court,73175779111,2023-03-12
2665,Gypsy,Channon,(662) 1504349,8 Magdeline Plaza,95936663297,2022-09-10
2666,Twila,Leming,(587) 6404827,5302 Rieder Trail,19611705066,2022-06-12
2667,Dorise,Hateley,(192) 3211877,2801 Sycamore Street,28500569942,2022-09-20
2668,Enoch,Puddan,(849) 3149226,2 John Wall Crossing,75660829016,2022-07-21
2669,Simone,Spillett,(576) 7375321,2645 Cascade Trail,25529407080,2022-08-15
2670,Meggy,Sent,(727) 5335088,3747 Londonderry Court,05603261817,2023-03-02
2671,Julia,Iacovozzo,(453) 3040972,2635 Redwing Point,18425942609,2022-06-30
2672,Andi,Cabedo,(158) 5190514,6642 Sheridan Hill,28759516214,2022-10-11
2673,Kayley,Karslake,(851) 1746728,460 Arkansas Trail,49126763818,2022-08-12
2674,Cad,Ballance,(658) 9779236,3788 Katie Trail,45481740352,2022-06-14
2675,Allan,Curds,(644) 4714170,10 Anniversary Terrace,24222808069,2022-08-11
2676,Cassandra,Graber,(958) 8124336,01 Westerfield Way,19839006396,2022-12-13
2677,Yanaton,Sumshon,(951) 6375366,06098 Hoffman Crossing,83543634455,2023-03-14
2678,Nefen,Fines,(679) 2601929,29 Kings Plaza,04711584204,2022-07-30
2679,Stefanie,Bosch,(508) 3052498,33 Hazelcrest Crossing,34950902093,2023-03-20
2680,Shurlock,Rawcliff,(642) 4147684,13266 Merchant Junction,34954035674,2022-08-14
2681,Thorstein,Tzuker,(120) 1818698,7 Anderson Parkway,48676436208,2023-05-01
2682,Janessa,Port,(403) 1251154,99194 Chive Court,54214353231,2022-08-29
2683,Raddie,Birts,(708) 7532107,36431 Norway Maple Park,41855511547,2022-09-11
2684,Bryanty,Heck,(591) 6341623,181 Fairview Place,92664990106,2023-02-01
2685,Philly,Falconer,(542) 3712950,92010 Grasskamp Street,43672816916,2022-09-14
2686,Ruben,Hugill,(825) 6623634,4 Claremont Terrace,38678052167,2022-09-21
2687,Cathleen,Duxbarry,(450) 3573850,1831 Ridgeway Crossing,37181093029,2022-06-25
2688,Bronson,Blampey,(271) 1486495,44148 Independence Crossing,54984845793,2023-01-28
2689,Florenza,Onion,(520) 7046433,0937 Moose Drive,25706097879,2023-02-03
2690,Merrielle,Gerlack,(304) 8032062,944 Pawling Avenue,46875199381,2022-12-05
2691,Tremaine,Gallandre,(777) 3883784,2 Golf Course Place,26648163531,2022-06-20
2692,Laurel,Brehault,(616) 5057195,4 Banding Terrace,97546086470,2022-06-15
2693,Jock,Challice,(200) 7322559,6 Mcguire Pass,83935579493,2023-04-14
2694,Trula,Cossom,(194) 5891413,5 Texas Crossing,64991748045,2022-05-20
2695,Joete,Skoughman,(561) 5023144,68217 Surrey Parkway,63338985672,2023-04-30
2696,Arluene,Lyddiatt,(841) 9526969,78874 Stuart Circle,66842138870,2023-04-17
2697,Merry,Penke,(235) 2212260,42 Eagle Crest Point,45411867565,2023-02-22
2698,Inness,Shepherdson,(413) 5872911,3018 Vera Circle,32914903761,2022-08-05
2699,Gwendolin,Stoneley,(408) 6026949,48304 Moose Center,29954598160,2023-01-24
2700,Melessa,Wolpert,(509) 3397917,54 Clyde Gallagher Place,03868051919,2023-03-10
2701,Jarid,Peddersen,(188) 6719667,6709 Butterfield Drive,43772595308,2022-07-25
2702,Wallis,Notley,(613) 1311699,7 Lotheville Crossing,85923176580,2022-11-27
2703,Rooney,Belward,(398) 5989843,018 Hazelcrest Crossing,93925156010,2023-01-23
2704,Annadiana,Hugueville,(195) 2934916,304 Lakeland Drive,97426035775,2022-11-23
2705,Ainslie,Cleve,(798) 4597754,8499 Di Loreto Road,26008192816,2022-11-01
2706,Anneliese,Guerner,(638) 1282670,528 Maple Terrace,77801947517,2022-06-25
2707,Ania,Crawshay,(787) 5845285,17 2nd Plaza,15744374476,2022-11-01
2708,Jorge,Marwood,(932) 2988716,73 Bartelt Center,85650989170,2023-02-15
2709,Gerhardine,Rochford,(757) 9643829,6 La Follette Terrace,10749456568,2022-09-25
2710,Drusy,Allsworth,(321) 8035998,8121 Main Street,12209211720,2023-03-20
2711,Osbourn,Sagrott,(370) 1906359,25611 Coleman Circle,92172057780,2022-11-20
2712,Isiahi,Coat,(269) 5299851,4 Brickson Park Road,83032306857,2022-06-27
2713,Arturo,Gerin,(720) 8839730,77 Mcbride Park,96844837731,2023-01-05
2714,Henka,Byrd,(664) 9406473,7028 Hayes Trail,09287343649,2022-06-19
2715,Jess,Sumpter,(282) 9008377,21 Dovetail Junction,35440680162,2022-07-09
2716,Emmet,Iorns,(610) 9100145,46303 Aberg Terrace,06468385019,2023-02-28
2717,Janis,MacCawley,(205) 5572058,23 Utah Junction,23193795680,2022-11-30
2718,Sergei,Collens,(247) 9355291,57945 Spaight Trail,76386500920,2022-05-26
2719,Webb,McGuff,(135) 9457680,3307 Ridge Oak Park,04689047566,2023-02-25
2720,Elysee,Dasent,(735) 7093754,94 Judy Park,46145864249,2023-01-20
2721,Quillan,Dunnan,(857) 8009947,10974 Lien Crossing,01356885663,2022-12-31
2722,Mandi,Rexworthy,(550) 8195611,2674 Lien Place,08038645211,2023-03-14
2723,Duff,Danihelka,(593) 1785375,77347 La Follette Circle,74339482414,2022-05-16
2724,Nelson,Milberry,(530) 7603119,396 Dwight Hill,55274647693,2023-01-17
2725,Leelah,Matusov,(508) 6778679,6402 Valley Edge Terrace,18903424168,2023-03-24
2726,Queenie,Toll,(988) 4399655,7115 Fairfield Junction,04953436324,2022-05-11
2727,Berke,Wallbutton,(424) 6669159,9 High Crossing Junction,00109219690,2022-07-19
2728,Twila,Brydie,(314) 6201431,041 Moose Plaza,48046825941,2023-01-29
2729,Jo,McLoughlin,(104) 8467013,5408 Thompson Avenue,34867150225,2022-10-09
2730,Berry,Vinnicombe,(233) 1054929,30 Iowa Hill,46429158444,2022-05-23
2731,Flore,McNeilley,(862) 5353329,8933 Onsgard Hill,79817941354,2022-08-24
2732,Boot,Laverack,(798) 3269867,5626 Sachs Junction,66996913295,2023-03-18
2733,Willabella,Bertomier,(181) 1037826,18 Sheridan Court,17776300132,2022-11-20
2734,Evered,Kloser,(502) 4560539,4 Texas Alley,15345926891,2022-10-29
2735,Gertrudis,Iohananof,(504) 4901240,9190 Forster Center,66362717450,2023-01-03
2736,Felicity,Dugget,(858) 4139886,092 Westend Alley,32357588906,2022-07-16
2737,Griz,Norridge,(628) 7630135,62596 Cordelia Way,28848862224,2022-07-02
2738,Ardys,Orred,(872) 3345733,90 Oxford Lane,26942949939,2022-09-05
2739,Ellswerth,Fricker,(159) 5053231,31 Browning Junction,63703013256,2023-01-11
2740,Davita,Josilowski,(757) 1437420,46 Clemons Point,12465016522,2023-03-24
2741,Randi,Turtle,(948) 3374531,0 Orin Pass,25593307628,2023-04-03
2742,Briana,Morden,(757) 9470056,48 Hoffman Crossing,01734446984,2023-01-07
2743,Winifield,Carne,(210) 5998329,92 Dakota Circle,95362933554,2023-04-02
2744,Cookie,Grinval,(372) 2412362,5 Glendale Terrace,04920901873,2023-04-21
2745,Giusto,Kays,(966) 2075105,872 Veith Plaza,87753239611,2022-09-10
2746,Natasha,Affron,(165) 9922792,21192 Arrowood Place,23103166624,2022-06-10
2747,Doralynne,Seczyk,(793) 5526185,96 Fair Oaks Terrace,59827889971,2023-04-17
2748,Earvin,Trusse,(420) 5302553,43 Fallview Crossing,21800056550,2023-02-19
2749,Tymothy,Parkman,(716) 7490273,8 Loeprich Point,72433812564,2023-04-15
2750,Brigg,Tooby,(708) 6658876,21422 Hanover Pass,51576623584,2022-08-03
2751,Anne-corinne,Druitt,(493) 9792437,8 Hermina Alley,61938819551,2022-08-26
2752,Karoly,Leneham,(845) 4031239,73155 Miller Court,28709580108,2022-06-15
2753,Marilin,Eadmead,(877) 3038344,87566 Green Ridge Hill,68392408015,2022-10-27
2754,Crissy,Clowley,(702) 1564289,8421 Columbus Crossing,83584529990,2022-08-22
2755,Jeannie,Prestige,(922) 5034965,0 Logan Park,18228970827,2023-03-01
2756,Cynthie,Garrett,(979) 8542966,58830 Amoth Circle,13127724465,2022-07-27
2757,Julianne,"O'Regan",(142) 1895740,9 Monument Crossing,59028985198,2022-09-10
2758,Anthony,Jessep,(973) 3515635,7253 Blackbird Alley,63118642295,2022-08-22
2759,Farica,Caudell,(334) 6858899,03 Pawling Plaza,46424244604,2022-11-11
2760,Harrie,Cuttle,(306) 5847206,23 Debs Circle,32561694326,2022-07-23
2761,Jessa,Dameisele,(433) 3064771,152 Huxley Lane,26134378630,2022-10-02
2762,Bird,Yeulet,(431) 2337348,9545 Muir Street,31122529085,2023-01-16
2763,Roselin,Hamstead,(938) 5616252,2 Loeprich Lane,02773909843,2022-10-15
2764,Darsie,Mallya,(590) 9688651,9601 Weeping Birch Park,42354053869,2023-02-10
2765,Thorn,Grishukhin,(362) 2048315,5231 Dahle Lane,29759496480,2023-04-10
2766,Alva,Meletti,(691) 6256614,80691 Muir Lane,71744748804,2022-11-11
2767,Bengt,Thomassen,(147) 4619771,1 Boyd Hill,92555958647,2022-07-31
2768,Antoine,Bigley,(273) 9761109,907 Thompson Alley,29919381192,2023-02-19
2769,Olivette,Hendonson,(596) 2104896,5617 Eggendart Trail,29478219235,2022-12-16
2770,Marlie,Schulze,(163) 2957494,283 Monterey Alley,80357395033,2023-03-02
2771,Bernardina,Brunini,(873) 1135336,34059 Hallows Street,17629034668,2023-03-23
2772,Victor,Poore,(794) 1689031,67846 Eggendart Circle,91374025089,2022-10-19
2773,Gale,Burlingame,(610) 7560768,27406 Pleasure Junction,10008534398,2023-03-31
2774,Ninon,Antuk,(803) 2321090,84 Veith Trail,85127274419,2022-10-02
2775,Hildegaard,Grewe,(563) 8370519,700 Farwell Park,15379408923,2022-10-26
2776,Carolin,McKevin,(666) 1229207,31 Onsgard Court,23287235384,2022-09-08
2777,Roxanna,Emslie,(601) 9130332,5 Nelson Alley,29387764554,2022-12-05
2778,Nonna,Woolerton,(302) 4564424,966 Logan Junction,69262184193,2023-01-27
2779,Vergil,Davey,(159) 6144843,6 Oak Valley Terrace,25963652816,2022-11-25
2780,Isobel,Bartleet,(246) 9714585,93 Truax Street,58642261069,2022-07-27
2781,Bobine,Flowerden,(437) 9024091,61 Longview Park,26395619917,2022-08-24
2782,Melanie,Borer,(562) 9536609,5690 Lukken Road,21447238297,2022-11-14
2783,Romonda,Cosin,(757) 4757276,759 Fair Oaks Road,68653884538,2022-09-02
2784,Olly,Thurbon,(777) 6667925,565 Florence Avenue,13040600371,2022-09-01
2785,Robinett,Stidston,(121) 8850167,139 Northridge Drive,65176987308,2023-05-02
2786,Maxy,Carsey,(893) 8902501,13 Northport Lane,98464872306,2023-03-10
2787,Willamina,Pariso,(499) 6572057,812 Bartelt Alley,81930775308,2022-06-02
2788,Welsh,Deveraux,(742) 6525265,5454 Novick Terrace,31485784201,2023-04-19
2789,Kai,Thexton,(546) 9661088,057 Redwing Alley,81569517774,2022-05-14
2790,Saundra,Tunnick,(627) 5819551,3735 Barby Terrace,64412225388,2022-12-30
2791,Zebadiah,Pues,(975) 1952799,6 John Wall Center,56117891415,2023-03-21
2792,Ambrosio,Graben,(948) 5683432,636 Ilene Crossing,89383303029,2022-08-28
2793,Carlyn,Deinhard,(489) 5616526,2 Scofield Crossing,24537715808,2023-02-19
2794,Gaston,Livings,(827) 1273994,5 Holy Cross Point,27469860432,2022-10-09
2795,Nickie,Rampley,(225) 3324324,9 Southridge Terrace,36225004002,2022-10-19
2796,Dulcinea,Barrim,(401) 5202190,8146 Welch Hill,51324986258,2022-12-26
2797,Tate,Bahls,(143) 7688111,79 Leroy Court,77255772952,2022-09-20
2798,Denny,Vlasov,(565) 8098222,865 Coleman Alley,82135452972,2023-04-07
2799,Cary,Westbury,(453) 8050426,55691 Lillian Road,58399406653,2022-05-09
2800,Rikki,Patullo,(658) 7868076,0576 Randy Hill,56310385710,2023-04-05
2801,Stephanus,Beri,(239) 6305591,060 Dakota Terrace,67129051301,2023-02-28
2802,Sheela,Shambrook,(949) 5999393,74866 Vidon Street,87846021459,2022-10-12
2803,Dorena,Walhedd,(650) 2719412,32457 Jenna Hill,04775320735,2023-01-20
2804,Kennedy,Ohrt,(570) 4127080,726 Summit Circle,63749435233,2022-09-16
2805,Pat,Jewiss,(609) 4606788,69 Debra Center,01752627946,2022-08-18
2806,Myrta,Klimov,(210) 3365592,29 Hoepker Parkway,36261024854,2023-01-10
2807,Shirlee,Lamcken,(907) 1147803,40275 Arizona Lane,28733697881,2023-03-22
2808,Stephine,Schenkel,(287) 7015450,84413 Cottonwood Alley,00983550514,2023-02-14
2809,Electra,Thurner,(999) 5227745,467 Mariners Cove Hill,76104515582,2022-05-08
2810,Talia,Mee,(423) 3024071,4074 Forest Run Avenue,33683476840,2022-11-04
2811,Lilian,Mac Geaney,(881) 2142106,0 Dovetail Avenue,04603302816,2022-10-24
2812,Diandra,Goodfellow,(801) 6788564,6 Dwight Street,19892030017,2023-04-10
2813,Emmaline,Prahm,(491) 7888667,554 Mayfield Plaza,72536802013,2023-01-16
2814,Patricio,Petett,(291) 3541685,6 Cherokee Way,80448606746,2022-05-29
2815,Eudora,Ruecastle,(312) 9866781,89054 Bellgrove Parkway,94824028365,2023-04-28
2816,Hannis,Cruickshanks,(397) 9450997,7727 Glendale Hill,90766796257,2022-06-01
2817,Tedd,Grayer,(294) 6830488,6266 Butterfield Plaza,31576057437,2023-04-19
2818,Stephi,Enden,(642) 5117574,74360 Montana Drive,68338978170,2022-10-16
2819,Breena,Clemont,(198) 7739356,889 Roxbury Hill,59432450176,2022-07-29
2820,Merv,Seak,(398) 8035423,5 Stone Corner Street,58134579896,2022-11-09
2821,Ingunna,Castanone,(431) 2411164,36695 Moulton Lane,87696972012,2022-07-04
2822,Phebe,Wickersley,(258) 9635736,64281 Chive Terrace,99304718821,2023-04-21
2823,Andriana,Oxbury,(269) 3224897,69335 Corben Crossing,54573989278,2022-10-01
2824,Claudina,Estcot,(930) 7221757,7193 Sullivan Plaza,87997148568,2023-02-26
2825,Wilfred,Rivaland,(544) 7179031,84573 Prairieview Avenue,16878871082,2022-08-30
2826,Carrissa,Vanlint,(793) 7746238,26095 Warbler Place,38038543721,2022-10-05
2827,Salvador,Dillway,(145) 8652862,896 Sugar Parkway,03105893809,2022-07-25
2828,Bard,McNelly,(129) 3488662,58891 American Road,61548841164,2022-07-02
2829,Robinson,Undy,(641) 5669134,852 Waxwing Crossing,73626945169,2023-01-12
2830,Ashly,Franzewitch,(985) 5031498,2961 Lunder Lane,40570180442,2022-10-12
2831,Haze,Scurr,(409) 4929128,26 Schurz Parkway,33311630646,2022-07-13
2832,Alvera,Tabb,(149) 7674204,094 Old Shore Avenue,24942387738,2023-02-07
2833,Dulce,Abbison,(252) 7974824,2792 Brickson Park Trail,67909360761,2023-04-06
2834,Othilie,Goodge,(186) 5763146,1188 Talisman Place,66136594718,2023-04-02
2835,Daria,Poone,(483) 1202793,3207 Hoffman Crossing,66388041578,2022-06-24
2836,Raina,Bence,(512) 7220039,2 Crowley Circle,31896835893,2022-06-02
2837,Evin,Pakeman,(188) 4888771,2184 Lien Park,32110731991,2023-02-03
2838,Lorie,Farrance,(447) 6854257,83 Del Sol Hill,76510188167,2022-10-16
2839,Abbot,Ingledew,(427) 9244136,34855 Lillian Parkway,18307896039,2022-08-22
2840,Flori,Duncklee,(509) 8270277,221 Moose Hill,55831359590,2022-11-26
2841,Alessandro,"O'Sharkey",(593) 8461014,68 Mosinee Way,86172366970,2023-03-25
2842,Laureen,Nairne,(319) 4562566,0 Warrior Trail,01865225916,2023-01-12
2843,Laurianne,Paddie,(371) 3354642,07 South Park,41939605282,2022-11-12
2844,Pernell,Beattie,(988) 1658376,6 Swallow Hill,06718753132,2023-03-11
2845,Nicolette,Chilcotte,(333) 6023602,5221 Hanover Circle,73014352697,2022-07-11
2846,Skylar,Winfindine,(342) 6062760,4403 Schiller Terrace,46171273091,2022-05-23
2847,Creight,Down,(830) 4829426,6208 Scofield Park,79096240214,2023-03-07
2848,Zelda,Beet,(496) 7705987,0696 Londonderry Alley,45433213454,2023-03-27
2849,Vicki,McQuillen,(638) 2235883,6135 Merrick Circle,70225240382,2022-08-08
2850,Almeta,Hartzog,(303) 5650056,825 Butterfield Pass,33713911571,2023-04-01
2851,Celie,Jezard,(152) 9637986,8 Sloan Court,02955220514,2022-06-23
2852,Nicol,Stancliffe,(847) 2167529,1377 New Castle Center,77648974594,2022-07-01
2853,Carolus,Jakubczyk,(577) 2954634,25 Farragut Crossing,42236197464,2022-11-03
2854,Ogdan,Hudd,(419) 3217083,76941 Ruskin Junction,10617845057,2022-12-02
2855,Lewie,Gerge,(912) 5785422,1 2nd Junction,52703872331,2022-08-29
2856,Roseline,Dhenin,(250) 4379985,1 John Wall Pass,22871109846,2022-08-05
2857,Livy,Dik,(921) 9262003,51911 Mesta Place,17152524595,2023-04-11
2858,Jolynn,Bargh,(176) 8376601,3 Bartillon Pass,86032201842,2022-12-28
2859,Jeanne,Gable,(382) 4884228,00526 Main Junction,42969821018,2022-07-20
2860,Zsa zsa,Sustin,(365) 3534462,8004 Rockefeller Plaza,23080642285,2023-05-06
2861,Goraud,Barhem,(907) 6871574,25038 Barby Pass,68446745288,2022-06-09
2862,Jeni,Toopin,(382) 9507715,18192 Michigan Hill,10724691114,2022-12-04
2863,Zelig,Baglan,(324) 5736997,2 Randy Hill,15610506927,2023-04-13
2864,Renate,Sturley,(652) 6656221,02158 Menomonie Avenue,15280893902,2022-05-23
2865,Astra,Fairbeard,(417) 3839971,40 New Castle Center,00835333556,2022-10-24
2866,Hildegarde,Pietrusiak,(543) 6092103,28 Messerschmidt Pass,25348784111,2022-09-27
2867,Ewart,Bartolomeu,(933) 9416905,370 Meadow Vale Hill,70543989333,2022-05-28
2868,Jolene,Solan,(408) 1527332,190 Forest Place,86377806602,2023-01-04
2869,Onfre,Flipsen,(515) 1751165,666 Linden Road,44666248810,2023-04-27
2870,Gabie,Shalders,(829) 2466088,73 Mitchell Park,56604677760,2022-10-12
2871,Aveline,Voelker,(260) 8018115,5 Northland Alley,85287675463,2022-06-09
2872,Bertha,Drewett,(622) 7021468,20 Bultman Way,86716862615,2022-10-03
2873,Lindsy,Berick,(612) 4868150,4319 Fieldstone Crossing,82034079839,2022-06-02
2874,Terrance,Hallam,(991) 5874500,6054 Susan Crossing,71498958318,2022-08-08
2875,Xena,Lange,(157) 9103517,396 Elgar Junction,06351107402,2022-08-06
2876,Lilla,Easterbrook,(363) 2578158,80 Fremont Street,00538437363,2022-10-06
2877,Arielle,Chambers,(751) 4247009,2004 Sugar Point,62355539453,2023-04-24
2878,Kathi,Dawid,(974) 2537113,070 Pleasure Lane,65835769299,2022-07-14
2879,Devland,Schuricht,(589) 2401367,2 Merrick Point,18760428930,2023-01-14
2880,Isak,Trammel,(378) 4217074,46786 Fisk Street,28661564752,2022-05-16
2881,Dara,Gingle,(219) 2138705,635 Drewry Way,95065630087,2022-11-02
2882,Michaelina,Davidove,(929) 1830224,30089 Truax Road,51860208983,2022-05-30
2883,Daune,Boughey,(730) 4721101,6 Ridge Oak Alley,26060728009,2023-05-05
2884,Austin,Chittey,(689) 6285489,5 Lerdahl Drive,47588439820,2022-05-21
2885,Olenolin,Tatlock,(606) 1263925,741 Ridgeview Parkway,02610895723,2023-01-26
2886,Francesco,Elmar,(168) 6564641,43 Erie Road,92762151816,2022-10-09
2887,Vachel,Buckler,(851) 2773293,3037 Mcguire Parkway,50455228337,2022-12-18
2888,Gavrielle,Busfield,(542) 2001359,26 Upham Avenue,35335016237,2022-12-16
2889,Nevin,Jays,(406) 6393978,52412 Aberg Trail,61712369147,2023-04-25
2890,Ted,Pawle,(994) 9332142,70750 Milwaukee Hill,94440694175,2022-06-15
2891,Emerson,Oger,(957) 5487772,3 Aberg Avenue,75954089598,2022-07-28
2892,Forester,Rushsorth,(440) 8604249,0746 Northview Plaza,03766498817,2022-11-22
2893,Heinrik,Riddich,(695) 7575434,86 Thompson Alley,57932765178,2022-07-06
2894,Giorgia,Zellner,(221) 9530301,4 Valley Edge Drive,93312424107,2022-11-11
2895,Camella,Kubacek,(281) 3084247,9 Almo Hill,79628600844,2022-12-03
2896,Homerus,Chasen,(385) 6797026,63490 Dakota Junction,02567080999,2022-10-06
2897,Madeline,Kinsella,(381) 2379470,985 Huxley Point,36124876728,2022-07-22
2898,Ysabel,Planke,(264) 1184599,3302 Park Meadow Street,11563909235,2023-02-26
2899,Niel,MacCleod,(869) 4523888,55197 Farmco Alley,43958093991,2023-01-13
2900,Kelley,Kalkofer,(638) 2086592,80199 Dixon Street,40666222334,2023-04-15
2901,Whitney,Carrane,(643) 7492815,9075 Mcguire Way,62961735770,2022-11-08
2902,Haley,Gonnet,(684) 5462342,72 Chive Court,71784584466,2022-08-11
2903,Giraldo,McDuffie,(999) 1395252,49 Fallview Avenue,99325786097,2022-12-02
2904,Abdel,Loache,(448) 7408580,09517 Erie Alley,99976341203,2022-11-03
2905,Wallace,Heale,(700) 3891866,98 Declaration Terrace,02412628633,2022-08-21
2906,Alameda,Lynock,(319) 6244904,406 Bay Lane,66834324504,2022-12-07
2907,Colly,Creer,(218) 5551401,2 Bonner Lane,27328257411,2023-02-21
2908,Hadley,Burborough,(929) 7138059,98 Doe Crossing Lane,96361777700,2023-01-22
2909,Randy,Tinker,(197) 2406924,35606 Johnson Court,47086158014,2023-03-05
2910,Helaina,"O' Brian",(368) 1961655,877 Barnett Terrace,07506546734,2022-05-31
2911,Kerry,Milazzo,(379) 4341328,39742 Shasta Court,08883737002,2022-11-12
2912,Arnuad,Brouard,(395) 7529195,3615 7th Avenue,46072882220,2022-07-09
2913,Gwyn,Veldman,(449) 4555502,5 Morning Road,60115972429,2022-09-04
2914,Roland,Janikowski,(907) 6814354,119 Northport Point,25616766016,2022-06-30
2915,Roanna,Bearns,(269) 1272442,84 Hansons Place,46471495700,2023-02-20
2916,Ajay,Boundey,(308) 5532442,6116 Express Parkway,17662468530,2023-02-19
2917,Kenton,Hucklesby,(434) 1050423,084 Onsgard Court,35692761779,2022-07-20
2918,Edyth,Kilfoyle,(365) 7647386,06843 Hayes Circle,45516794650,2022-05-22
2919,Patrick,Veronique,(752) 8872187,9 Spohn Lane,12312711134,2022-10-19
2920,Redford,Serjeant,(593) 3824083,2 Talisman Center,87349021270,2022-09-15
2921,Gaylor,Cottis,(556) 1801131,63222 Dixon Junction,53712319700,2023-05-01
2922,Iris,Blasing,(831) 6809317,5 Mallory Circle,69444229774,2022-07-28
2923,Dimitri,Tesh,(319) 3463829,3605 Debs Hill,42863716030,2022-12-19
2924,Valry,Pendry,(606) 5041179,18527 Sloan Plaza,18691166845,2022-08-29
2925,Dru,Offell,(239) 4640229,149 Superior Way,87587485124,2022-09-20
2926,Fancy,Thornhill,(160) 9431410,21 Moulton Plaza,21143080229,2022-07-28
2927,Marsiella,Langworthy,(563) 8095050,38 Jana Center,05063903183,2022-12-29
2928,Tabbatha,Wyett,(643) 4364341,4 Ludington Hill,23865721106,2023-04-02
2929,Lowell,Doxsey,(182) 1995068,668 Raven Junction,91966654991,2022-10-31
2930,Vicky,Crighton,(988) 6957895,92118 Hanover Court,99387875083,2023-04-20
2931,Sebastiano,Dellenbrok,(535) 6703899,225 Trailsway Court,34888499473,2022-07-20
2932,Eudora,Gulliford,(756) 1760172,88 Forest Run Court,39747507993,2022-10-14
2933,Bartholemy,Mazillius,(388) 1667116,45442 Memorial Crossing,70164936982,2023-02-14
2934,Clementia,Fulmen,(932) 1794284,0 Porter Drive,63552358562,2023-03-20
2935,Zondra,Piddlesden,(817) 1729334,1912 Bluestem Drive,95961157963,2022-10-17
2936,Carlie,McHarry,(667) 9111361,48247 Hayes Street,47351754558,2022-05-21
2937,Emerson,Ahearne,(440) 4761163,6 Sheridan Hill,02051362753,2022-06-03
2938,Wells,Malec,(902) 1019426,923 Macpherson Point,89451006841,2022-05-28
2939,Elwira,Keele,(519) 5259281,1 Di Loreto Drive,46009230422,2023-02-21
2940,Lilias,Castiglione,(159) 7722919,744 Village Green Court,43449851174,2023-01-28
2941,Gris,Brimilcombe,(289) 6003731,93970 Knutson Hill,94959876828,2023-02-01
2942,Hollyanne,Mendoza,(768) 7407156,849 Victoria Street,14686989774,2022-12-06
2943,Hakeem,Yeiles,(997) 7154249,09717 8th Lane,17847915113,2023-01-07
2944,Latashia,Peotz,(311) 8726198,951 Dayton Lane,40430699060,2022-10-17
2945,Hastings,Kasher,(315) 2227590,5035 Barnett Pass,80218376133,2023-03-21
2946,Larissa,Krolak,(550) 2659523,1576 Vernon Point,03386677181,2022-11-24
2947,Mickie,Pringer,(287) 6397946,1 Hoard Junction,60964663507,2022-07-09
2948,Joete,Butterfield,(611) 2602466,0010 Hallows Lane,69153908974,2023-03-04
2949,Shanda,Bonde,(909) 8270663,05422 Huxley Parkway,61071296190,2023-03-16
2950,Natal,Ebdon,(556) 9935835,44224 Derek Alley,33612844770,2022-06-18
2951,Moore,Roseburgh,(644) 4163854,26543 Bluestem Way,68873847008,2022-07-21
2952,Javier,Lambourne,(620) 9546695,740 Carpenter Place,90003477215,2023-02-09
2953,Monti,Goering,(346) 2561481,70011 Talmadge Parkway,03776630976,2023-02-22
2954,Maurice,Chastney,(829) 9534184,1 Warbler Parkway,68852172786,2023-02-28
2955,Susann,Krojn,(632) 8664356,9 Packers Court,09371528353,2022-10-18
2956,Keir,Ferber,(669) 9910912,08 Bonner Parkway,65524987259,2022-06-26
2957,Wittie,Kezourec,(147) 9476840,58 Express Circle,17982934396,2022-09-26
2958,Carlita,Gieraths,(431) 3875931,18 Westridge Road,09096112374,2022-08-20
2959,Cull,Girardy,(743) 6352888,4952 Onsgard Park,27792273113,2023-02-19
2960,Banky,Treble,(528) 3859721,9893 Artisan Pass,25203458307,2022-07-25
2961,Hunfredo,Paddeley,(646) 8461629,7 Pepper Wood Terrace,42611333602,2022-12-23
2962,Abby,Calltone,(656) 1397976,31 Cherokee Park,68980606283,2023-03-23
2963,Jackie,Tomkins,(555) 7047711,6386 Dennis Way,55384838344,2022-08-07
2964,Lyon,Terrington,(191) 8321852,73 Riverside Parkway,54101944342,2022-06-03
2965,Brett,Rudolph,(397) 6714690,2873 Duke Hill,84263072633,2022-07-31
2966,Camile,Wornum,(547) 5503486,2184 Columbus Park,05262600666,2022-12-27
2967,Konrad,Fairclough,(209) 1588855,7 Ridgeway Junction,46253046978,2022-08-09
2968,Arabel,Amburgy,(314) 9830510,816 Welch Street,99748454359,2022-05-29
2969,Benton,Ruben,(974) 9717116,42446 Daystar Point,35546974719,2023-02-06
2970,Jerrilyn,Trueman,(417) 1226639,9093 Morningstar Circle,25197634268,2022-05-24
2971,Weber,Ead,(115) 8207371,8109 Jenna Road,29140298466,2023-03-22
2972,Tamarah,Thorneley,(828) 9836200,57023 Lyons Lane,46189468369,2022-08-28
2973,Dusty,Bertolin,(727) 6689773,861 Southridge Lane,18900360022,2023-01-02
2974,Alphonse,Ruberti,(220) 4969969,6293 West Hill,98299118319,2022-05-21
2975,Sidonia,Bissatt,(842) 8022608,54930 Petterle Center,06693898040,2022-08-01
2976,Marni,Blazynski,(952) 9558226,164 Cambridge Park,03516873330,2023-02-08
2977,Brandi,Glasman,(648) 5797467,72 Hoffman Parkway,36945009172,2022-10-24
2978,Clem,Broady,(198) 4997295,40065 Bellgrove Road,08118660286,2022-05-18
2979,Geri,Spoors,(860) 5766722,626 Donald Trail,19961567804,2022-07-24
2980,Conant,Taysbil,(731) 5671868,27 Hanson Parkway,42603907890,2023-01-30
2981,Ryon,Aldren,(736) 6562068,8 Kipling Terrace,11398040885,2023-01-24
2982,Livia,Litton,(363) 7781429,8999 Laurel Plaza,16242213134,2023-01-12
2983,Lissie,Mattiessen,(771) 5308989,9685 Straubel Pass,07567046898,2023-01-19
2984,Cyrill,Rigbye,(174) 4433670,59 Upham Circle,98491621919,2022-12-27
2985,Klement,Wildblood,(557) 2225922,3 Florence Alley,68731753323,2022-07-13
2986,Ailsun,Haysar,(420) 2207293,18738 Maryland Junction,72710315479,2022-09-19
2987,Crystal,Thornton-Dewhirst,(516) 4698042,564 Mosinee Lane,28032087974,2022-05-30
2988,Celine,Barendtsen,(603) 6218310,666 Clarendon Alley,60249668170,2022-06-01
2989,Oralle,Dewerson,(356) 5164576,42797 Arrowood Lane,98146811391,2023-01-20
2990,Oliver,Sweeten,(253) 3567490,767 Arkansas Lane,31902445092,2023-04-02
2991,Jyoti,Abelson,(296) 6124056,926 Sutherland Place,86066090629,2022-06-21
2992,Cecilio,Joul,(686) 2421720,6995 Merry Lane,71853291767,2023-01-09
2993,Happy,Murfett,(884) 1140923,3740 Steensland Pass,36081586501,2023-04-17
2994,Lizbeth,Suggey,(917) 2989872,054 Express Lane,77260703407,2022-12-14
2995,Rayner,Camelli,(815) 9972424,95997 Independence Hill,08149367173,2023-04-17
2996,Dory,Accum,(131) 3744612,7 Lakewood Park,13214814420,2023-01-20
2997,Kristien,Connichie,(242) 9622167,2042 Butterfield Way,07290888234,2022-09-01
2998,Gert,Krates,(500) 2668356,5237 Tennessee Avenue,32974655482,2023-01-09
2999,Sholom,Dalligan,(985) 3594541,3 Forster Parkway,20056388693,2022-09-12
3000,Dolph,Leaney,(150) 9946451,5416 Myrtle Lane,83588602870,2023-04-26
3001,Evanne,Koppke,(599) 6920030,6 Bay Avenue,87787925544,2022-05-27
3002,Marigold,Willas,(523) 5856271,2218 Columbus Pass,60713566021,2022-06-09